Name,ID,Has Item,Mod,Class
minecraft:air,0,false,null,net.minecraft.block.BlockAir
minecraft:stone,1,true,null,net.minecraft.block.BlockStone
minecraft:grass,2,true,null,net.minecraft.block.BlockGrass
minecraft:dirt,3,true,null,net.minecraft.block.BlockDirt
minecraft:cobblestone,4,true,null,net.minecraft.block.Block
minecraft:planks,5,true,null,net.minecraft.block.BlockWood
minecraft:sapling,6,true,null,net.minecraft.block.BlockSapling
minecraft:bedrock,7,true,null,net.minecraft.block.Block
minecraft:flowing_water,8,true,null,cofh.asmhooks.block.BlockTickingWater
minecraft:water,9,true,null,cofh.asmhooks.block.BlockWater
minecraft:flowing_lava,10,true,null,net.minecraft.block.BlockDynamicLiquid
minecraft:lava,11,true,null,net.minecraft.block.BlockStaticLiquid
minecraft:sand,12,true,null,net.minecraft.block.BlockSand
minecraft:gravel,13,true,null,net.minecraft.block.BlockGravel
minecraft:gold_ore,14,true,null,net.minecraft.block.BlockOre
minecraft:iron_ore,15,true,null,net.minecraft.block.BlockOre
minecraft:coal_ore,16,true,null,net.minecraft.block.BlockOre
minecraft:log,17,true,null,net.minecraft.block.BlockOldLog
minecraft:leaves,18,true,null,net.minecraft.block.BlockOldLeaf
minecraft:sponge,19,true,null,net.minecraft.block.BlockSponge
minecraft:glass,20,true,null,net.minecraft.block.BlockGlass
minecraft:lapis_ore,21,true,null,net.minecraft.block.BlockOre
minecraft:lapis_block,22,true,null,net.minecraft.block.BlockCompressed
minecraft:dispenser,23,true,null,net.minecraft.block.BlockDispenser
minecraft:sandstone,24,true,null,net.minecraft.block.BlockSandStone
minecraft:noteblock,25,true,null,net.minecraft.block.BlockNote
minecraft:bed,26,false,null,net.minecraft.block.BlockBed
minecraft:golden_rail,27,true,null,net.minecraft.block.BlockRailPowered
minecraft:detector_rail,28,true,null,net.minecraft.block.BlockRailDetector
minecraft:sticky_piston,29,true,null,net.minecraft.block.BlockPistonBase
minecraft:web,30,true,null,net.minecraft.block.BlockWeb
minecraft:tallgrass,31,true,null,net.minecraft.block.BlockTallGrass
minecraft:deadbush,32,true,null,net.minecraft.block.BlockDeadBush
minecraft:piston,33,true,null,net.minecraft.block.BlockPistonBase
minecraft:piston_head,34,false,null,net.minecraft.block.BlockPistonExtension
minecraft:wool,35,true,null,net.minecraft.block.BlockColored
minecraft:piston_extension,36,false,null,net.minecraft.block.BlockPistonMoving
minecraft:yellow_flower,37,true,null,net.minecraft.block.BlockFlower
minecraft:red_flower,38,true,null,net.minecraft.block.BlockFlower
minecraft:brown_mushroom,39,true,null,net.minecraft.block.BlockMushroom
minecraft:red_mushroom,40,true,null,net.minecraft.block.BlockMushroom
minecraft:gold_block,41,true,null,net.minecraft.block.BlockCompressed
minecraft:iron_block,42,true,null,net.minecraft.block.BlockCompressed
minecraft:double_stone_slab,43,true,null,net.minecraft.block.BlockStoneSlab
minecraft:stone_slab,44,true,null,net.minecraft.block.BlockStoneSlab
minecraft:brick_block,45,true,null,net.minecraft.block.Block
minecraft:tnt,46,true,null,net.minecraft.block.BlockTNT
minecraft:bookshelf,47,true,null,net.minecraft.block.BlockBookshelf
minecraft:mossy_cobblestone,48,true,null,net.minecraft.block.Block
minecraft:obsidian,49,true,null,net.minecraft.block.BlockObsidian
minecraft:torch,50,true,null,net.minecraft.block.BlockTorch
minecraft:fire,51,true,null,net.minecraft.block.BlockFire
minecraft:mob_spawner,52,true,null,net.minecraft.block.BlockMobSpawner
minecraft:oak_stairs,53,true,null,net.minecraft.block.BlockStairs
minecraft:chest,54,true,null,net.minecraft.block.BlockChest
minecraft:redstone_wire,55,false,null,net.minecraft.block.BlockRedstoneWire
minecraft:diamond_ore,56,true,null,net.minecraft.block.BlockOre
minecraft:diamond_block,57,true,null,net.minecraft.block.BlockCompressed
minecraft:crafting_table,58,true,null,net.minecraft.block.BlockWorkbench
minecraft:wheat,59,false,null,net.minecraft.block.BlockCrops
minecraft:farmland,60,true,null,net.minecraft.block.BlockFarmland
minecraft:furnace,61,true,null,net.minecraft.block.BlockFurnace
minecraft:lit_furnace,62,true,null,net.minecraft.block.BlockFurnace
minecraft:standing_sign,63,false,null,net.minecraft.block.BlockSign
minecraft:wooden_door,64,false,null,net.minecraft.block.BlockDoor
minecraft:ladder,65,true,null,net.minecraft.block.BlockLadder
minecraft:rail,66,true,null,net.minecraft.block.BlockRail
minecraft:stone_stairs,67,true,null,net.minecraft.block.BlockStairs
minecraft:wall_sign,68,false,null,net.minecraft.block.BlockSign
minecraft:lever,69,true,null,net.minecraft.block.BlockLever
minecraft:stone_pressure_plate,70,true,null,net.minecraft.block.BlockPressurePlate
minecraft:iron_door,71,false,null,net.minecraft.block.BlockDoor
minecraft:wooden_pressure_plate,72,true,null,net.minecraft.block.BlockPressurePlate
minecraft:redstone_ore,73,true,null,net.minecraft.block.BlockRedstoneOre
minecraft:lit_redstone_ore,74,false,null,net.minecraft.block.BlockRedstoneOre
minecraft:unlit_redstone_torch,75,false,null,net.minecraft.block.BlockRedstoneTorch
minecraft:redstone_torch,76,true,null,net.minecraft.block.BlockRedstoneTorch
minecraft:stone_button,77,true,null,net.minecraft.block.BlockButtonStone
minecraft:snow_layer,78,true,null,net.minecraft.block.BlockSnow
minecraft:ice,79,true,null,net.minecraft.block.BlockIce
minecraft:snow,80,true,null,net.minecraft.block.BlockSnowBlock
minecraft:cactus,81,true,null,net.minecraft.block.BlockCactus
minecraft:clay,82,true,null,net.minecraft.block.BlockClay
minecraft:reeds,83,false,null,net.minecraft.block.BlockReed
minecraft:jukebox,84,true,null,net.minecraft.block.BlockJukebox
minecraft:fence,85,true,null,net.minecraft.block.BlockFence
minecraft:pumpkin,86,true,null,net.minecraft.block.BlockPumpkin
minecraft:netherrack,87,true,null,net.minecraft.block.BlockNetherrack
minecraft:soul_sand,88,true,null,net.minecraft.block.BlockSoulSand
minecraft:glowstone,89,true,null,net.minecraft.block.BlockGlowstone
minecraft:portal,90,true,null,net.minecraft.block.BlockPortal
minecraft:lit_pumpkin,91,true,null,net.minecraft.block.BlockPumpkin
minecraft:cake,92,false,null,net.minecraft.block.BlockCake
minecraft:unpowered_repeater,93,false,null,net.minecraft.block.BlockRedstoneRepeater
minecraft:powered_repeater,94,false,null,net.minecraft.block.BlockRedstoneRepeater
minecraft:stained_glass,95,true,null,net.minecraft.block.BlockStainedGlass
minecraft:trapdoor,96,true,null,net.minecraft.block.BlockTrapDoor
minecraft:monster_egg,97,true,null,net.minecraft.block.BlockSilverfish
minecraft:stonebrick,98,true,null,net.minecraft.block.BlockStoneBrick
minecraft:brown_mushroom_block,99,true,null,net.minecraft.block.BlockHugeMushroom
minecraft:red_mushroom_block,100,true,null,net.minecraft.block.BlockHugeMushroom
minecraft:iron_bars,101,true,null,net.minecraft.block.BlockPane
minecraft:glass_pane,102,true,null,net.minecraft.block.BlockPane
minecraft:melon_block,103,true,null,net.minecraft.block.BlockMelon
minecraft:pumpkin_stem,104,false,null,net.minecraft.block.BlockStem
minecraft:melon_stem,105,false,null,net.minecraft.block.BlockStem
minecraft:vine,106,true,null,net.minecraft.block.BlockVine
minecraft:fence_gate,107,true,null,net.minecraft.block.BlockFenceGate
minecraft:brick_stairs,108,true,null,net.minecraft.block.BlockStairs
minecraft:stone_brick_stairs,109,true,null,net.minecraft.block.BlockStairs
minecraft:mycelium,110,true,null,net.minecraft.block.BlockMycelium
minecraft:waterlily,111,true,null,net.minecraft.block.BlockLilyPad
minecraft:nether_brick,112,true,null,net.minecraft.block.Block
minecraft:nether_brick_fence,113,true,null,net.minecraft.block.BlockFence
minecraft:nether_brick_stairs,114,true,null,net.minecraft.block.BlockStairs
minecraft:nether_wart,115,false,null,net.minecraft.block.BlockNetherWart
minecraft:enchanting_table,116,true,null,net.minecraft.block.BlockEnchantmentTable
minecraft:brewing_stand,117,false,null,net.minecraft.block.BlockBrewingStand
minecraft:cauldron,118,false,null,net.minecraft.block.BlockCauldron
minecraft:end_portal,119,true,null,net.minecraft.block.BlockEndPortal
minecraft:end_portal_frame,120,true,null,net.minecraft.block.BlockEndPortalFrame
minecraft:end_stone,121,true,null,net.minecraft.block.Block
minecraft:dragon_egg,122,true,null,net.minecraft.block.BlockDragonEgg
minecraft:redstone_lamp,123,true,null,net.minecraft.block.BlockRedstoneLight
minecraft:lit_redstone_lamp,124,false,null,net.minecraft.block.BlockRedstoneLight
minecraft:double_wooden_slab,125,true,null,net.minecraft.block.BlockWoodSlab
minecraft:wooden_slab,126,true,null,net.minecraft.block.BlockWoodSlab
minecraft:cocoa,127,true,null,net.minecraft.block.BlockCocoa
minecraft:sandstone_stairs,128,true,null,net.minecraft.block.BlockStairs
minecraft:emerald_ore,129,true,null,net.minecraft.block.BlockOre
minecraft:ender_chest,130,true,null,net.minecraft.block.BlockEnderChest
minecraft:tripwire_hook,131,true,null,net.minecraft.block.BlockTripWireHook
minecraft:tripwire,132,false,null,net.minecraft.block.BlockTripWire
minecraft:emerald_block,133,true,null,net.minecraft.block.BlockCompressed
minecraft:spruce_stairs,134,true,null,net.minecraft.block.BlockStairs
minecraft:birch_stairs,135,true,null,net.minecraft.block.BlockStairs
minecraft:jungle_stairs,136,true,null,net.minecraft.block.BlockStairs
minecraft:command_block,137,true,null,net.minecraft.block.BlockCommandBlock
minecraft:beacon,138,true,null,net.minecraft.block.BlockBeacon
minecraft:cobblestone_wall,139,true,null,net.minecraft.block.BlockWall
minecraft:flower_pot,140,false,null,net.minecraft.block.BlockFlowerPot
minecraft:carrots,141,true,null,net.minecraft.block.BlockCarrot
minecraft:potatoes,142,true,null,net.minecraft.block.BlockPotato
minecraft:wooden_button,143,true,null,net.minecraft.block.BlockButtonWood
minecraft:skull,144,false,null,net.minecraft.block.BlockSkull
minecraft:anvil,145,true,null,net.minecraft.block.BlockAnvil
minecraft:trapped_chest,146,true,null,net.minecraft.block.BlockChest
minecraft:light_weighted_pressure_plate,147,true,null,net.minecraft.block.BlockPressurePlateWeighted
minecraft:heavy_weighted_pressure_plate,148,true,null,net.minecraft.block.BlockPressurePlateWeighted
minecraft:unpowered_comparator,149,false,null,net.minecraft.block.BlockRedstoneComparator
minecraft:powered_comparator,150,false,null,net.minecraft.block.BlockRedstoneComparator
minecraft:daylight_detector,151,true,null,net.minecraft.block.BlockDaylightDetector
minecraft:redstone_block,152,true,null,net.minecraft.block.BlockCompressedPowered
minecraft:quartz_ore,153,true,null,net.minecraft.block.BlockOre
minecraft:hopper,154,true,null,net.minecraft.block.BlockHopper
minecraft:quartz_block,155,true,null,net.minecraft.block.BlockQuartz
minecraft:quartz_stairs,156,true,null,net.minecraft.block.BlockStairs
minecraft:activator_rail,157,true,null,net.minecraft.block.BlockRailPowered
minecraft:dropper,158,true,null,net.minecraft.block.BlockDropper
minecraft:stained_hardened_clay,159,true,null,net.minecraft.block.BlockColored
minecraft:stained_glass_pane,160,true,null,net.minecraft.block.BlockStainedGlassPane
minecraft:leaves2,161,true,null,net.minecraft.block.BlockNewLeaf
minecraft:log2,162,true,null,net.minecraft.block.BlockNewLog
minecraft:acacia_stairs,163,true,null,net.minecraft.block.BlockStairs
minecraft:dark_oak_stairs,164,true,null,net.minecraft.block.BlockStairs
Thaumcraft:blockFluxGoo,165,true,null,thaumcraft.common.blocks.BlockFluxGoo
Thaumcraft:blockFluxGas,166,true,null,thaumcraft.common.blocks.BlockFluxGas
Thaumcraft:blockFluidPure,167,true,null,thaumcraft.common.blocks.BlockFluidPure
Thaumcraft:blockFluidDeath,168,true,null,thaumcraft.common.blocks.BlockFluidDeath
Thaumcraft:blockCustomOre,169,true,null,thaumcraft.common.blocks.BlockCustomOre
minecraft:hay_block,170,true,null,net.minecraft.block.BlockHay
minecraft:carpet,171,true,null,net.minecraft.block.BlockCarpet
minecraft:hardened_clay,172,true,null,net.minecraft.block.BlockHardenedClay
minecraft:coal_block,173,true,null,net.minecraft.block.Block
minecraft:packed_ice,174,true,null,net.minecraft.block.BlockPackedIce
minecraft:double_plant,175,true,null,net.minecraft.block.BlockDoublePlant
Thaumcraft:blockMagicalLog,176,true,null,thaumcraft.common.blocks.BlockMagicalLog
Thaumcraft:blockMagicalLeaves,177,true,null,thaumcraft.common.blocks.BlockMagicalLeaves
Thaumcraft:blockCustomPlant,178,true,null,thaumcraft.common.blocks.BlockCustomPlant
Thaumcraft:blockTaint,179,true,null,thaumcraft.common.blocks.BlockTaint
Thaumcraft:blockTaintFibres,180,true,null,thaumcraft.common.blocks.BlockTaintFibres
Thaumcraft:blockCosmeticOpaque,181,true,null,thaumcraft.common.blocks.BlockCosmeticOpaque
Thaumcraft:blockCosmeticSolid,182,true,null,thaumcraft.common.blocks.BlockCosmeticSolid
Thaumcraft:blockCrystal,183,true,null,thaumcraft.common.blocks.BlockCrystal
Thaumcraft:blockTube,184,true,null,thaumcraft.common.blocks.BlockTube
Thaumcraft:blockMetalDevice,185,true,null,thaumcraft.common.blocks.BlockMetalDevice
Thaumcraft:blockWoodenDevice,186,true,null,thaumcraft.common.blocks.BlockWoodenDevice
Thaumcraft:blockStoneDevice,187,true,null,thaumcraft.common.blocks.BlockStoneDevice
Thaumcraft:blockMirror,188,true,null,thaumcraft.common.blocks.BlockMirror
Thaumcraft:blockTable,189,true,null,thaumcraft.common.blocks.BlockTable
Thaumcraft:blockChestHungry,190,true,null,thaumcraft.common.blocks.BlockChestHungry
Thaumcraft:blockArcaneDoor,191,true,null,thaumcraft.common.blocks.BlockArcaneDoor
Thaumcraft:blockLifter,192,true,null,thaumcraft.common.blocks.BlockLifter
Thaumcraft:blockMagicBox,193,true,null,thaumcraft.common.blocks.BlockMagicBox
Thaumcraft:blockAlchemyFurnace,194,true,null,thaumcraft.common.blocks.BlockAlchemyFurnace
Thaumcraft:blockJar,195,true,null,thaumcraft.common.blocks.BlockJar
Thaumcraft:blockCandle,196,true,null,thaumcraft.common.blocks.BlockCandle
Thaumcraft:blockEldritch,197,true,null,thaumcraft.common.blocks.BlockEldritch
Thaumcraft:blockAiry,198,true,null,thaumcraft.common.blocks.BlockAiry
Thaumcraft:blockManaPod,199,true,null,thaumcraft.common.blocks.BlockManaPod
Thaumcraft:blockArcaneFurnace,200,true,null,thaumcraft.common.blocks.BlockArcaneFurnace
Thaumcraft:blockWarded,201,true,null,thaumcraft.common.blocks.BlockWarded
Thaumcraft:blockHole,202,true,null,thaumcraft.common.blocks.BlockHole
Thaumcraft:blockPortalEldritch,203,true,null,thaumcraft.common.blocks.BlockEldritchPortal
Thaumcraft:blockEssentiaReservoir,204,true,null,thaumcraft.common.blocks.BlockEssentiaReservoir
Thaumcraft:blockEldritchNothing,205,true,null,thaumcraft.common.blocks.BlockEldritchNothing
Thaumcraft:blockStairsArcaneStone,206,true,null,thaumcraft.common.blocks.BlockCosmeticStairs
Thaumcraft:blockStairsGreatwood,207,true,null,thaumcraft.common.blocks.BlockCosmeticStairs
Thaumcraft:blockStairsSilverwood,208,true,null,thaumcraft.common.blocks.BlockCosmeticStairs
Thaumcraft:blockStairsEldritch,209,true,null,thaumcraft.common.blocks.BlockCosmeticStairs
Thaumcraft:blockCosmeticSlabWood,210,true,null,thaumcraft.common.blocks.BlockCosmeticWoodSlab
Thaumcraft:blockCosmeticSlabStone,211,true,null,thaumcraft.common.blocks.BlockCosmeticStoneSlab
Thaumcraft:blockCosmeticDoubleSlabWood,212,true,null,thaumcraft.common.blocks.BlockCosmeticWoodSlab
Thaumcraft:blockCosmeticDoubleSlabStone,213,true,null,thaumcraft.common.blocks.BlockCosmeticStoneSlab
Thaumcraft:blockLootUrn,214,true,null,thaumcraft.common.blocks.BlockLoot
Thaumcraft:blockLootCrate,215,true,null,thaumcraft.common.blocks.BlockLoot
IC2:blockOreCopper,216,true,null,ic2.core.block.BlockMetaData
IC2:blockOreTin,217,true,null,ic2.core.block.BlockMetaData
IC2:blockOreUran,218,true,null,ic2.core.block.BlockMetaData
IC2:blockOreLead,219,true,null,ic2.core.block.BlockMetaData
IC2:blockRubWood,220,true,null,ic2.core.block.BlockRubWood
IC2:blockRubLeaves,221,true,null,ic2.core.block.BlockRubLeaves
IC2:blockRubSapling,222,true,null,ic2.core.block.BlockRubSapling
IC2:blockHarz,223,true,null,ic2.core.block.BlockResin
IC2:blockRubber,224,true,null,ic2.core.block.BlockRubberSheet
IC2:blockFenceIron,225,true,null,ic2.core.block.BlockPoleFence
IC2:blockAlloy,226,true,null,ic2.core.block.BlockMetaData
IC2:blockBasalt,227,true,null,ic2.core.block.BlockMetaData
IC2:blockAlloyGlass,228,true,null,ic2.core.block.BlockTexGlass
IC2:blockDoorAlloy,229,true,null,ic2.core.block.BlockIC2Door
IC2:blockReinforcedFoam,230,true,null,ic2.core.block.BlockReinforcedFoam
IC2:blockFoam,231,true,null,ic2.core.block.BlockFoam
IC2:blockWall,232,true,null,ic2.core.block.BlockWall
IC2:blockScaffold,233,true,null,ic2.core.block.BlockScaffold
IC2:blockIronScaffold,234,true,null,ic2.core.block.BlockScaffold
IC2:blockMetal,235,true,null,ic2.core.block.BlockMetal
IC2:blockCable,236,true,null,ic2.core.block.wiring.BlockCable
IC2:blockKineticGenerator,237,true,null,ic2.core.block.kineticgenerator.block.BlockKineticGenerator
IC2:blockHeatGenerator,238,true,null,ic2.core.block.heatgenerator.block.BlockHeatGenerator
IC2:blockGenerator,239,true,null,ic2.core.block.generator.block.BlockGenerator
IC2:blockReactorChamber,240,true,null,ic2.core.block.reactor.block.BlockReactorChamber
IC2:blockReactorFluidPort,241,true,null,ic2.core.block.reactor.block.BlockReactorFluidPort
IC2:blockReactorAccessHatch,242,true,null,ic2.core.block.reactor.block.BlockReactorAccessHatch
IC2:blockReactorRedstonePort,243,true,null,ic2.core.block.reactor.block.BlockReactorRedstonePort
IC2:blockreactorvessel,244,true,null,ic2.core.block.reactor.block.BlockReactorVessel
IC2:blockElectric,245,true,null,ic2.core.block.wiring.BlockElectric
IC2:blockChargepad,246,true,null,ic2.core.block.wiring.BlockChargepad
IC2:blockMachine,247,true,null,ic2.core.block.machine.BlockMachine
IC2:blockMachine2,248,true,null,ic2.core.block.machine.BlockMachine2
IC2:blockMachine3,249,true,null,ic2.core.block.machine.BlockMachine3
IC2:blockLuminatorDark,250,true,null,ic2.core.block.wiring.BlockLuminator
IC2:blockLuminator,251,true,null,ic2.core.block.wiring.BlockLuminator
IC2:blockMiningPipe,252,true,null,ic2.core.block.machine.BlockMiningPipe
IC2:blockMiningTip,253,true,null,ic2.core.block.machine.BlockMiningTip
IC2:blockPersonal,254,true,null,ic2.core.block.personal.BlockPersonal
IC2:blockITNT,255,true,null,ic2.core.block.BlockITNT
IC2:blockNuke,409,true,null,ic2.core.block.BlockITNT
IC2:blockDynamite,410,true,null,ic2.core.block.BlockDynamite
IC2:blockDynamiteRemote,411,true,null,ic2.core.block.BlockDynamite
IC2:blockCrop,412,true,null,ic2.core.crop.BlockCrop
IC2:blockBarrel,413,true,null,ic2.core.block.BlockBarrel
IC2:fluidUuMatter,414,true,null,ic2.core.block.BlockIC2Fluid
IC2:fluidConstructionFoam,415,true,null,ic2.core.block.BlockIC2Fluid
IC2:fluidCoolant,416,true,null,ic2.core.block.BlockIC2Fluid
IC2:fluidHotCoolant,423,true,null,ic2.core.block.BlockIC2Fluid
IC2:fluidPahoehoeLava,424,true,null,ic2.core.block.BlockIC2Fluid
IC2:fluidBiomass,425,true,null,ic2.core.block.BlockIC2Fluid
IC2:fluidBiogas,426,true,null,ic2.core.block.BlockIC2Fluid
IC2:fluidDistilledWater,427,true,null,ic2.core.block.BlockIC2Fluid
IC2:fluidSuperheatedSteam,428,true,null,ic2.core.block.BlockIC2Fluid
IC2:fluidSteam,429,true,null,ic2.core.block.BlockIC2Fluid
IC2:fluidHotWater,430,true,null,ic2.core.block.BlockIC2Fluid
Railcraft:fluid.creosote,431,true,null,mods.railcraft.common.fluids.BlockRailcraftFluid
Railcraft:fluid.steam,432,true,null,mods.railcraft.common.fluids.BlockRailcraftFluidFinite
Railcraft:residual.heat,433,true,null,mods.railcraft.common.blocks.hidden.BlockHidden
Railcraft:cube,434,true,null,mods.railcraft.common.blocks.aesthetics.cube.BlockCube
Railcraft:anvil,435,true,null,mods.railcraft.common.blocks.anvil.BlockRCAnvil
Railcraft:machine.alpha,436,true,null,mods.railcraft.common.blocks.machine.BlockMachine
Railcraft:machine.beta,437,true,null,mods.railcraft.common.blocks.machine.BlockMachine
Railcraft:track,438,true,null,mods.railcraft.common.blocks.tracks.BlockTrack
Railcraft:track.elevator,439,true,null,mods.railcraft.common.blocks.tracks.BlockTrackElevator
Railcraft:signal,440,true,null,mods.railcraft.common.blocks.signals.BlockSignalRailcraft
Railcraft:stair,441,true,null,mods.railcraft.common.blocks.aesthetics.stairs.BlockRailcraftStairs
Railcraft:slab,442,true,null,mods.railcraft.common.blocks.aesthetics.slab.BlockRailcraftSlab
Railcraft:lantern.stone,443,true,null,mods.railcraft.common.blocks.aesthetics.lantern.BlockLantern
Railcraft:lantern.metal,444,true,null,mods.railcraft.common.blocks.aesthetics.lantern.BlockLantern
Railcraft:brick.abyssal,445,true,null,mods.railcraft.common.blocks.aesthetics.brick.BlockBrick
Railcraft:brick.bleachedbone,446,true,null,mods.railcraft.common.blocks.aesthetics.brick.BlockBrick
Railcraft:brick.bloodstained,447,true,null,mods.railcraft.common.blocks.aesthetics.brick.BlockBrick
Railcraft:brick.frostbound,448,true,null,mods.railcraft.common.blocks.aesthetics.brick.BlockBrick
Railcraft:brick.infernal,449,true,null,mods.railcraft.common.blocks.aesthetics.brick.BlockBrick
Railcraft:brick.quarried,450,true,null,mods.railcraft.common.blocks.aesthetics.brick.BlockBrick
Railcraft:brick.sandy,451,true,null,mods.railcraft.common.blocks.aesthetics.brick.BlockBrick
Railcraft:brick.nether,452,true,null,mods.railcraft.common.blocks.aesthetics.brick.BlockBrick
Railcraft:post,453,true,null,mods.railcraft.common.blocks.aesthetics.post.BlockPost
Railcraft:post.metal,454,true,null,mods.railcraft.common.blocks.aesthetics.post.BlockPostMetal
Railcraft:post.metal.platform,455,true,null,mods.railcraft.common.blocks.aesthetics.post.BlockPostMetal
Railcraft:wall.alpha,456,true,null,mods.railcraft.common.blocks.aesthetics.wall.BlockRailcraftWall
Railcraft:wall.beta,457,true,null,mods.railcraft.common.blocks.aesthetics.wall.BlockRailcraftWall
Railcraft:glass,458,true,null,mods.railcraft.common.blocks.aesthetics.glass.BlockStrengthGlass
Railcraft:detector,459,true,null,mods.railcraft.common.blocks.detector.BlockDetector
Railcraft:machine.gamma,460,true,null,mods.railcraft.common.blocks.machine.BlockMachine
Railcraft:machine.epsilon,461,true,null,mods.railcraft.common.blocks.machine.BlockMachine
Railcraft:ore,462,true,null,mods.railcraft.common.blocks.ore.BlockOre
Railcraft:worldlogic,463,true,null,mods.railcraft.common.blocks.ore.BlockWorldLogic
Railcraft:firestone.recharge,464,true,null,mods.railcraft.common.items.firestone.BlockFirestoneRecharge
Railcraft:frame,465,true,null,mods.railcraft.common.blocks.frame.BlockFrame
Railcraft:machine.delta,466,true,null,mods.railcraft.common.blocks.machine.BlockMachine
ImmersiveEngineering:ore,467,true,null,blusunrize.immersiveengineering.common.blocks.BlockIEBase.BlockIESimple
ImmersiveEngineering:storage,468,true,null,blusunrize.immersiveengineering.common.blocks.BlockStorage
ImmersiveEngineering:storageSlab,469,true,null,blusunrize.immersiveengineering.common.blocks.BlockIESlabs
ImmersiveEngineering:stoneSlab,470,true,null,blusunrize.immersiveengineering.common.blocks.BlockIESlabs
ImmersiveEngineering:metalDevice,471,true,null,blusunrize.immersiveengineering.common.blocks.metal.BlockMetalDevices
ImmersiveEngineering:metalDevice2,472,true,null,blusunrize.immersiveengineering.common.blocks.metal.BlockMetalDevices2
ImmersiveEngineering:metalDecoration,473,true,null,blusunrize.immersiveengineering.common.blocks.metal.BlockMetalDecoration
ImmersiveEngineering:metalDecoration2,474,true,null,blusunrize.immersiveengineering.common.blocks.metal.BlockMetalDecoration2
ImmersiveEngineering:metalMultiblock,475,true,null,blusunrize.immersiveengineering.common.blocks.metal.BlockMetalMultiblocks
ImmersiveEngineering:woodenDevice,476,true,null,blusunrize.immersiveengineering.common.blocks.wooden.BlockWoodenDevices
ImmersiveEngineering:woodenDecoration,477,true,null,blusunrize.immersiveengineering.common.blocks.wooden.BlockWoodenDecoration
ImmersiveEngineering:treatedWood,478,true,null,blusunrize.immersiveengineering.common.blocks.BlockIEBase.BlockIESimple
ImmersiveEngineering:woodenStairs,479,true,null,blusunrize.immersiveengineering.common.blocks.BlockIEStairs
ImmersiveEngineering:woodenStairs1,480,true,null,blusunrize.immersiveengineering.common.blocks.BlockIEStairs
ImmersiveEngineering:woodenStairs2,481,true,null,blusunrize.immersiveengineering.common.blocks.BlockIEStairs
ImmersiveEngineering:stoneDevice,482,true,null,blusunrize.immersiveengineering.common.blocks.stone.BlockStoneDevices
ImmersiveEngineering:stoneDecoration,483,true,null,blusunrize.immersiveengineering.common.blocks.stone.BlockStoneDecoration
ImmersiveEngineering:concreteStairs,484,true,null,blusunrize.immersiveengineering.common.blocks.BlockIEStairs
ImmersiveEngineering:concreteTileStairs,485,true,null,blusunrize.immersiveengineering.common.blocks.BlockIEStairs
ImmersiveEngineering:hemp,486,true,null,blusunrize.immersiveengineering.common.blocks.plant.BlockIECrop
ImmersiveEngineering:fakeLight,487,true,null,blusunrize.immersiveengineering.common.blocks.BlockFakeLight
ImmersiveEngineering:clothDevice,488,true,null,blusunrize.immersiveengineering.common.blocks.cloth.BlockClothDevices
TConstruct:liquid.slime,489,true,null,tconstruct.blocks.slime.SlimeFluid
TConstruct:MeatBlock,490,true,null,tconstruct.world.blocks.MeatBlock
TConstruct:WoolSlab1,491,true,null,tconstruct.blocks.SlabBase
TConstruct:WoolSlab2,492,true,null,tconstruct.blocks.SlabBase
TConstruct:trap.punji,493,true,null,tconstruct.blocks.traps.Punji
TConstruct:trap.barricade.oak,494,true,null,tconstruct.blocks.traps.BarricadeBlock
TConstruct:trap.barricade.spruce,495,true,null,tconstruct.blocks.traps.BarricadeBlock
TConstruct:trap.barricade.birch,496,true,null,tconstruct.blocks.traps.BarricadeBlock
TConstruct:trap.barricade.jungle,497,true,null,tconstruct.blocks.traps.BarricadeBlock
TConstruct:explosive.slime,498,true,null,tconstruct.world.blocks.SlimeExplosive
TConstruct:slime.gel,499,true,null,tconstruct.blocks.slime.SlimeGel
TConstruct:slime.grass,500,true,null,tconstruct.blocks.slime.SlimeGrass
TConstruct:slime.grass.tall,501,true,null,tconstruct.blocks.slime.SlimeTallGrass
TConstruct:slime.leaves,502,true,null,tconstruct.blocks.slime.SlimeLeaves
TConstruct:slime.sapling,503,true,null,tconstruct.blocks.slime.SlimeSapling
TConstruct:slime.channel,504,true,null,tconstruct.world.blocks.ConveyorBase
TConstruct:blood.channel,505,true,null,tconstruct.world.blocks.ConveyorBase
TConstruct:slime.pad,506,true,null,tconstruct.world.blocks.SlimePad
TConstruct:decoration.stonetorch,507,true,null,tconstruct.world.blocks.StoneTorch
TConstruct:decoration.stoneladder,508,true,null,tconstruct.world.blocks.StoneLadder
TConstruct:decoration.multibrick,509,true,null,tconstruct.tools.blocks.MultiBrick
TConstruct:decoration.multibrickfancy,510,true,null,tconstruct.tools.blocks.MultiBrickFancy
TConstruct:ore.berries.one,511,true,null,tconstruct.world.blocks.OreberryBush
TConstruct:ore.berries.two,512,true,null,tconstruct.world.blocks.OreberryBushEssence
TConstruct:SearedBrick,513,true,null,tconstruct.smeltery.blocks.MetalOre
TConstruct:GravelOre,514,true,null,tconstruct.world.blocks.GravelOre
TConstruct:rail.wood,515,true,null,tconstruct.world.blocks.WoodRail
TConstruct:MetalBlock,516,true,null,tconstruct.world.blocks.TMetalBlock
TConstruct:ToolStationBlock,517,true,null,tconstruct.tools.blocks.ToolStationBlock
TConstruct:ToolForgeBlock,518,true,null,tconstruct.tools.blocks.ToolForgeBlock
TConstruct:CraftingStation,519,true,null,tconstruct.tools.blocks.CraftingStationBlock
TConstruct:CraftingSlab,520,true,null,tconstruct.tools.blocks.CraftingSlab
TConstruct:FurnaceSlab,521,true,null,tconstruct.tools.blocks.FurnaceSlab
TConstruct:HeldItemBlock,522,true,null,tconstruct.tools.blocks.EquipBlock
TConstruct:BattleSignBlock,523,true,null,tconstruct.tools.blocks.BattlesignBlock
TConstruct:CraftedSoil,524,true,null,tconstruct.world.blocks.SoilBlock
TConstruct:fluid.molten.iron,525,true,null,tconstruct.smeltery.blocks.TConstructFluid
TConstruct:fluid.molten.gold,526,true,null,tconstruct.smeltery.blocks.TConstructFluid
TConstruct:fluid.molten.copper,527,true,null,tconstruct.smeltery.blocks.TConstructFluid
TConstruct:fluid.molten.tin,528,true,null,tconstruct.smeltery.blocks.TConstructFluid
TConstruct:fluid.molten.aluminum,529,true,null,tconstruct.smeltery.blocks.TConstructFluid
TConstruct:fluid.molten.cobalt,530,true,null,tconstruct.smeltery.blocks.TConstructFluid
TConstruct:fluid.molten.ardite,531,true,null,tconstruct.smeltery.blocks.TConstructFluid
TConstruct:fluid.molten.bronze,532,true,null,tconstruct.smeltery.blocks.TConstructFluid
TConstruct:fluid.molten.alubrass,533,true,null,tconstruct.smeltery.blocks.TConstructFluid
TConstruct:fluid.molten.manyullyn,534,true,null,tconstruct.smeltery.blocks.TConstructFluid
TConstruct:fluid.molten.alumite,535,true,null,tconstruct.smeltery.blocks.TConstructFluid
TConstruct:fluid.molten.obsidian,536,true,null,tconstruct.smeltery.blocks.TConstructFluid
TConstruct:fluid.molten.steel,537,true,null,tconstruct.smeltery.blocks.TConstructFluid
TConstruct:fluid.molten.glass,538,true,null,tconstruct.smeltery.blocks.TConstructFluid
TConstruct:molten.stone,539,true,null,tconstruct.smeltery.blocks.TConstructFluid
TConstruct:molten.emerald,540,true,null,tconstruct.smeltery.blocks.TConstructFluid
TConstruct:fluid.molten.nickel,541,true,null,tconstruct.smeltery.blocks.TConstructFluid
TConstruct:fluid.molten.lead,542,true,null,tconstruct.smeltery.blocks.TConstructFluid
TConstruct:fluid.molten.silver,543,true,null,tconstruct.smeltery.blocks.TConstructFluid
TConstruct:fluid.molten.shiny,544,true,null,tconstruct.smeltery.blocks.TConstructFluid
TConstruct:fluid.molten.invar,545,true,null,tconstruct.smeltery.blocks.TConstructFluid
TConstruct:fluid.molten.electrum,546,true,null,tconstruct.smeltery.blocks.TConstructFluid
TConstruct:fluid.ender,547,true,null,tconstruct.smeltery.blocks.TConstructFluid
TConstruct:fluid.molten.lumium,548,true,null,tconstruct.smeltery.blocks.TConstructFluid
TConstruct:fluid.molten.signalum,549,true,null,tconstruct.smeltery.blocks.TConstructFluid
TConstruct:fluid.molten.mithril,550,true,null,tconstruct.smeltery.blocks.TConstructFluid
TConstruct:fluid.molten.enderium,551,true,null,tconstruct.smeltery.blocks.TConstructFluid
TConstruct:liquid.blood,552,true,null,tconstruct.smeltery.blocks.BloodBlock
TConstruct:liquid.glue,553,true,null,tconstruct.smeltery.blocks.GlueFluid
TConstruct:fluid.molten.pigiron,554,true,null,tconstruct.smeltery.blocks.PigIronMoltenBlock
TConstruct:SearedSlab,555,true,null,tconstruct.smeltery.blocks.SearedSlab
TConstruct:SpeedSlab,556,true,null,tconstruct.smeltery.blocks.SpeedSlab
TConstruct:GlueBlock,557,true,null,tconstruct.smeltery.blocks.GlueBlock
TConstruct:Smeltery,558,true,null,tconstruct.smeltery.blocks.SmelteryBlock
TConstruct:SmelteryNether,559,true,null,tconstruct.smeltery.blocks.SmelteryBlock
TConstruct:LavaTank,560,true,null,tconstruct.smeltery.blocks.LavaTankBlock
TConstruct:LavaTankNether,561,true,null,tconstruct.smeltery.blocks.LavaTankBlock
TConstruct:SearedBlock,562,true,null,tconstruct.smeltery.blocks.SearedBlock
TConstruct:SearedBlockNether,563,true,null,tconstruct.smeltery.blocks.SearedBlock
TConstruct:CastingChannel,564,true,null,tconstruct.smeltery.blocks.CastingChannelBlock
TConstruct:SpeedBlock,565,true,null,tconstruct.smeltery.blocks.SpeedBlock
TConstruct:GlassBlock,566,true,null,tconstruct.smeltery.blocks.GlassBlockConnected
TConstruct:GlassPane,567,true,null,tconstruct.smeltery.blocks.GlassPaneConnected
TConstruct:GlassBlock.StainedClear,568,true,null,tconstruct.smeltery.blocks.GlassBlockConnectedMeta
TConstruct:GlassPaneClearStained,569,true,null,tconstruct.smeltery.blocks.GlassPaneStained
TConstruct:Redstone.Landmine,570,true,null,tconstruct.mechworks.blocks.BlockLandmine
TConstruct:Armor.DryingRack,571,true,null,tconstruct.armor.blocks.DryingRack
appliedenergistics2:tile.OreQuartz,572,true,null,appeng.block.solids.OreQuartz
appliedenergistics2:tile.OreQuartzCharged,573,true,null,appeng.block.solids.OreQuartzCharged
appliedenergistics2:tile.BlockMatrixFrame,574,true,null,appeng.block.spatial.BlockMatrixFrame
appliedenergistics2:tile.BlockQuartz,575,true,null,appeng.block.solids.BlockQuartz
appliedenergistics2:tile.BlockQuartzPillar,576,true,null,appeng.block.solids.BlockQuartzPillar
appliedenergistics2:tile.BlockQuartzChiseled,577,true,null,appeng.block.solids.BlockQuartzChiseled
appliedenergistics2:tile.BlockQuartzGlass,578,true,null,appeng.block.solids.BlockQuartzGlass
appliedenergistics2:tile.BlockQuartzLamp,579,true,null,appeng.block.solids.BlockQuartzLamp
appliedenergistics2:tile.BlockQuartzTorch,580,true,null,appeng.block.misc.BlockQuartzTorch
appliedenergistics2:tile.BlockFluix,581,true,null,appeng.block.solids.BlockFluix
appliedenergistics2:tile.BlockSkyStone,582,true,null,appeng.block.solids.BlockSkyStone
appliedenergistics2:tile.BlockSkyChest,583,true,null,appeng.block.storage.BlockSkyChest
appliedenergistics2:tile.BlockSkyCompass,584,true,null,appeng.block.misc.BlockSkyCompass
appliedenergistics2:tile.BlockGrinder,585,true,null,appeng.block.grindstone.BlockGrinder
appliedenergistics2:tile.BlockCrank,586,true,null,appeng.block.grindstone.BlockCrank
appliedenergistics2:tile.BlockInscriber,587,true,null,appeng.block.misc.BlockInscriber
appliedenergistics2:tile.BlockWireless,588,true,null,appeng.block.networking.BlockWireless
appliedenergistics2:tile.BlockCharger,589,true,null,appeng.block.misc.BlockCharger
appliedenergistics2:tile.BlockTinyTNT,590,true,null,appeng.block.misc.BlockTinyTNT
appliedenergistics2:tile.BlockSecurity,591,true,null,appeng.block.misc.BlockSecurity
appliedenergistics2:tile.BlockQuantumRing,592,true,null,appeng.block.qnb.BlockQuantumRing
appliedenergistics2:tile.BlockQuantumLinkChamber,593,true,null,appeng.block.qnb.BlockQuantumLinkChamber
appliedenergistics2:tile.BlockSpatialPylon,594,true,null,appeng.block.spatial.BlockSpatialPylon
appliedenergistics2:tile.BlockSpatialIOPort,595,true,null,appeng.block.spatial.BlockSpatialIOPort
appliedenergistics2:tile.BlockCableBus,596,true,null,appeng.block.networking.BlockCableBus
appliedenergistics2:tile.BlockController,597,true,null,appeng.block.networking.BlockController
appliedenergistics2:tile.BlockDrive,598,true,null,appeng.block.storage.BlockDrive
appliedenergistics2:tile.BlockChest,599,true,null,appeng.block.storage.BlockChest
appliedenergistics2:tile.BlockInterface,600,true,null,appeng.block.misc.BlockInterface
appliedenergistics2:tile.BlockCellWorkbench,601,true,null,appeng.block.misc.BlockCellWorkbench
appliedenergistics2:tile.BlockIOPort,602,true,null,appeng.block.storage.BlockIOPort
appliedenergistics2:tile.BlockCondenser,603,true,null,appeng.block.misc.BlockCondenser
appliedenergistics2:tile.BlockEnergyAcceptor,604,true,null,appeng.block.networking.BlockEnergyAcceptor
appliedenergistics2:tile.BlockVibrationChamber,605,true,null,appeng.block.misc.BlockVibrationChamber
appliedenergistics2:tile.BlockQuartzGrowthAccelerator,606,true,null,appeng.block.misc.BlockQuartzGrowthAccelerator
appliedenergistics2:tile.BlockEnergyCell,607,true,null,appeng.block.networking.BlockEnergyCell
appliedenergistics2:tile.BlockDenseEnergyCell,608,true,null,appeng.block.networking.BlockDenseEnergyCell
appliedenergistics2:tile.BlockCreativeEnergyCell,609,true,null,appeng.block.networking.BlockCreativeEnergyCell
appliedenergistics2:tile.BlockCraftingUnit,610,true,null,appeng.block.crafting.BlockCraftingUnit
appliedenergistics2:tile.BlockCraftingStorage,611,true,null,appeng.block.crafting.BlockCraftingStorage
appliedenergistics2:tile.BlockCraftingMonitor,612,true,null,appeng.block.crafting.BlockCraftingMonitor
appliedenergistics2:tile.BlockMolecularAssembler,613,true,null,appeng.block.crafting.BlockMolecularAssembler
appliedenergistics2:tile.BlockLightDetector,614,true,null,appeng.block.misc.BlockLightDetector
appliedenergistics2:tile.BlockPaint,615,true,null,appeng.block.misc.BlockPaint
appliedenergistics2:tile.SkyStoneStairBlock,616,true,null,appeng.block.stair.SkyStoneStairBlock
appliedenergistics2:tile.SkyStoneBlockStairBlock,617,true,null,appeng.block.stair.SkyStoneBlockStairBlock
appliedenergistics2:tile.SkyStoneBrickStairBlock,618,true,null,appeng.block.stair.SkyStoneBrickStairBlock
appliedenergistics2:tile.SkyStoneSmallBrickStairBlock,619,true,null,appeng.block.stair.SkyStoneSmallBrickStairBlock
appliedenergistics2:tile.FluixStairBlock,620,true,null,appeng.block.stair.FluixStairBlock
appliedenergistics2:tile.QuartzStairBlock,621,true,null,appeng.block.stair.QuartzStairBlock
appliedenergistics2:tile.ChiseledQuartzStairBlock,622,true,null,appeng.block.stair.ChiseledQuartzStairBlock
appliedenergistics2:tile.QuartzPillarStairBlock,623,true,null,appeng.block.stair.QuartzPillarStairBlock
appliedenergistics2:tile.SkyStoneSlabBlock,624,true,null,appeng.block.AEBaseSlabBlock
appliedenergistics2:tile.SkyStoneSlabBlock.double,625,true,null,appeng.block.AEBaseSlabBlock
appliedenergistics2:tile.SkyStoneBlockSlabBlock,626,true,null,appeng.block.AEBaseSlabBlock
appliedenergistics2:tile.SkyStoneBlockSlabBlock.double,627,true,null,appeng.block.AEBaseSlabBlock
appliedenergistics2:tile.SkyStoneBrickSlabBlock,628,true,null,appeng.block.AEBaseSlabBlock
appliedenergistics2:tile.SkyStoneBrickSlabBlock.double,629,true,null,appeng.block.AEBaseSlabBlock
appliedenergistics2:tile.SkyStoneSmallBrickSlabBlock,630,true,null,appeng.block.AEBaseSlabBlock
appliedenergistics2:tile.SkyStoneSmallBrickSlabBlock.double,631,true,null,appeng.block.AEBaseSlabBlock
appliedenergistics2:tile.FluixSlabBlock,632,true,null,appeng.block.AEBaseSlabBlock
appliedenergistics2:tile.FluixSlabBlock.double,633,true,null,appeng.block.AEBaseSlabBlock
appliedenergistics2:tile.QuartzSlabBlock,634,true,null,appeng.block.AEBaseSlabBlock
appliedenergistics2:tile.QuartzSlabBlock.double,635,true,null,appeng.block.AEBaseSlabBlock
appliedenergistics2:tile.ChiseledQuartzSlabBlock,636,true,null,appeng.block.AEBaseSlabBlock
appliedenergistics2:tile.ChiseledQuartzSlabBlock.double,637,true,null,appeng.block.AEBaseSlabBlock
appliedenergistics2:tile.QuartzPillarSlabBlock,638,true,null,appeng.block.AEBaseSlabBlock
appliedenergistics2:tile.QuartzPillarSlabBlock.double,639,true,null,appeng.block.AEBaseSlabBlock
BuildCraft|Core:eternalSpring,640,true,null,buildcraft.core.BlockSpring
BuildCraft|Core:buildToolBlock,641,true,null,buildcraft.core.BlockBuildTool
BuildCraft|Core:engineBlock,642,true,null,buildcraft.core.BlockEngine
BuildCraft|Core:markerBlock,643,true,null,buildcraft.core.BlockMarker
BuildCraft|Core:pathMarkerBlock,644,true,null,buildcraft.core.BlockPathMarker
BuildCraft|Transport:filteredBufferBlock,645,true,null,buildcraft.transport.BlockFilteredBuffer
BuildCraft|Transport:pipeBlock,646,true,null,buildcraft.transport.BlockGenericPipe
BuildCraft|Factory:miningWellBlock,647,true,null,buildcraft.factory.BlockMiningWell
BuildCraft|Factory:plainPipeBlock,648,true,null,buildcraft.factory.BlockPlainPipe
BuildCraft|Factory:autoWorkbenchBlock,649,true,null,buildcraft.factory.BlockAutoWorkbench
BuildCraft|Factory:tankBlock,650,true,null,buildcraft.factory.BlockTank
BuildCraft|Factory:pumpBlock,651,true,null,buildcraft.factory.BlockPump
BuildCraft|Factory:floodGateBlock,652,true,null,buildcraft.factory.BlockFloodGate
BuildCraft|Factory:refineryBlock,653,true,null,buildcraft.factory.BlockRefinery
BuildCraft|Factory:blockHopper,654,true,null,buildcraft.factory.BlockHopper
BuildCraft|Silicon:laserBlock,655,true,null,buildcraft.silicon.BlockLaser
BuildCraft|Silicon:laserTableBlock,656,true,null,buildcraft.silicon.BlockLaserTable
BuildCraft|Silicon:packagerBlock,657,true,null,buildcraft.silicon.BlockPackager
BuildCraft|Energy:blockOil,658,true,null,buildcraft.core.lib.block.BlockBuildCraftFluid
BuildCraft|Energy:blockFuel,659,true,null,buildcraft.core.lib.block.BlockBuildCraftFluid
BuildCraft|Energy:blockRedPlasma,660,true,null,buildcraft.core.lib.block.BlockBuildCraftFluid
BuildCraft|Builders:machineBlock,661,true,null,buildcraft.builders.BlockQuarry
BuildCraft|Builders:fillerBlock,662,true,null,buildcraft.builders.BlockFiller
BuildCraft|Builders:frameBlock,663,true,null,buildcraft.builders.BlockFrame
BuildCraft|Builders:builderBlock,664,true,null,buildcraft.builders.BlockBuilder
BuildCraft|Builders:architectBlock,665,true,null,buildcraft.builders.BlockArchitect
BuildCraft|Builders:libraryBlock,666,true,null,buildcraft.builders.BlockBlueprintLibrary
BuildCraft|Builders:constructionMarkerBlock,667,true,null,buildcraft.builders.BlockConstructionMarker
Forestry:core,668,true,null,forestry.core.blocks.BlockCore
Forestry:soil,669,true,null,forestry.core.blocks.BlockSoil
Forestry:resources,670,true,null,forestry.core.blocks.BlockResourceOre
Forestry:resourceStorage,671,true,null,forestry.core.blocks.BlockResourceStorage
Forestry:fluid.bioethanol,672,true,null,forestry.core.fluids.BlockForestryFluid
Forestry:fluid.biomass,673,true,null,forestry.core.fluids.BlockForestryFluid
Forestry:fluid.glass,674,true,null,forestry.core.fluids.BlockForestryFluid
Forestry:fluid.honey,675,true,null,forestry.core.fluids.BlockForestryFluid
Forestry:fluid.ice,676,true,null,forestry.core.fluids.BlockForestryFluid
Forestry:fluid.juice,677,true,null,forestry.core.fluids.BlockForestryFluid
Forestry:fluid.milk,678,true,null,forestry.core.fluids.BlockForestryFluid
Forestry:fluid.seedoil,679,true,null,forestry.core.fluids.BlockForestryFluid
Forestry:fluid.short.mead,680,true,null,forestry.core.fluids.BlockForestryFluid
Forestry:fluid.mead,681,true,null,forestry.core.fluids.BlockForestryFluid
Forestry:apiculture,682,true,null,forestry.apiculture.blocks.BlockApiculture
Forestry:apicultureChest,683,true,null,forestry.core.blocks.BlockBase
Forestry:beehives,684,true,null,forestry.apiculture.blocks.BlockBeehives
Forestry:candle,685,true,null,forestry.apiculture.blocks.BlockCandle
Forestry:stump,686,true,null,forestry.apiculture.blocks.BlockStump
Forestry:alveary,687,true,null,forestry.apiculture.blocks.BlockAlveary
Forestry:logs,688,true,null,forestry.arboriculture.blocks.BlockLog
Forestry:planks,689,true,null,forestry.arboriculture.blocks.BlockPlanks
Forestry:slabs,690,true,null,forestry.arboriculture.blocks.BlockSlab
Forestry:slabsDouble,691,true,null,forestry.arboriculture.blocks.BlockSlab
Forestry:fences,692,true,null,forestry.arboriculture.blocks.BlockArbFence
Forestry:stairs,693,true,null,forestry.arboriculture.blocks.BlockArbStairs
Forestry:logsFireproof,694,true,null,forestry.arboriculture.blocks.BlockLog
Forestry:planksFireproof,695,true,null,forestry.arboriculture.blocks.BlockPlanks
Forestry:slabsFireproof,696,true,null,forestry.arboriculture.blocks.BlockSlab
Forestry:slabsDoubleFireproof,697,true,null,forestry.arboriculture.blocks.BlockSlab
Forestry:fencesFireproof,698,true,null,forestry.arboriculture.blocks.BlockArbFence
Forestry:stairsFireproof,699,true,null,forestry.arboriculture.blocks.BlockArbStairs
Forestry:saplingGE,700,true,null,forestry.arboriculture.blocks.BlockSapling
Forestry:leaves,701,true,null,forestry.arboriculture.blocks.BlockForestryLeaves
Forestry:pods,702,true,null,forestry.arboriculture.blocks.BlockFruitPod
Forestry:arboriculture,703,true,null,forestry.arboriculture.blocks.BlockArboriculture
Forestry:engine,704,true,null,forestry.energy.blocks.BlockEngine
Forestry:factory,705,true,null,forestry.factory.blocks.BlockFactoryTESR
Forestry:factory2,706,true,null,forestry.factory.blocks.BlockFactoryPlain
Forestry:mushroom,707,true,null,forestry.farming.blocks.BlockMushroom
Forestry:ffarm,708,true,null,forestry.farming.blocks.BlockFarm
Forestry:lepidopterology,709,true,null,forestry.lepidopterology.blocks.BlockLepidopterology
Forestry:mail,710,true,null,forestry.mail.blocks.BlockMail
GalacticraftCore:tile.landingPad,711,true,null,micdoodle8.mods.galacticraft.core.blocks.BlockLandingPad
GalacticraftCore:tile.landingPadFull,712,true,null,micdoodle8.mods.galacticraft.core.blocks.BlockLandingPadFull
GalacticraftCore:tile.unlitTorch,713,true,null,micdoodle8.mods.galacticraft.core.blocks.BlockUnlitTorch
GalacticraftCore:tile.unlitTorchLit,714,true,null,micdoodle8.mods.galacticraft.core.blocks.BlockUnlitTorch
GalacticraftCore:tile.breatheableAir,715,true,null,micdoodle8.mods.galacticraft.core.blocks.BlockBreathableAir
GalacticraftCore:tile.brightAir,716,true,null,micdoodle8.mods.galacticraft.core.blocks.BlockBrightAir
GalacticraftCore:tile.brightBreathableAir,717,true,null,micdoodle8.mods.galacticraft.core.blocks.BlockBrightBreathableAir
GalacticraftCore:tile.oxygenCollector,718,true,null,micdoodle8.mods.galacticraft.core.blocks.BlockOxygenCollector
GalacticraftCore:tile.oxygenCompressor,719,true,null,micdoodle8.mods.galacticraft.core.blocks.BlockOxygenCompressor
GalacticraftCore:tile.distributor,720,true,null,micdoodle8.mods.galacticraft.core.blocks.BlockOxygenDistributor
GalacticraftCore:tile.sealer,721,true,null,micdoodle8.mods.galacticraft.core.blocks.BlockOxygenSealer
GalacticraftCore:tile.oxygenDetector,722,true,null,micdoodle8.mods.galacticraft.core.blocks.BlockOxygenDetector
GalacticraftCore:tile.oxygenPipe,723,true,null,micdoodle8.mods.galacticraft.core.blocks.BlockOxygenPipe
GalacticraftCore:tile.refinery,724,true,null,micdoodle8.mods.galacticraft.core.blocks.BlockRefinery
GalacticraftCore:tile.fuelLoader,725,true,null,micdoodle8.mods.galacticraft.core.blocks.BlockFuelLoader
GalacticraftCore:tile.cargo,726,true,null,micdoodle8.mods.galacticraft.core.blocks.BlockCargoLoader
GalacticraftCore:tile.rocketWorkbench,727,true,null,micdoodle8.mods.galacticraft.core.blocks.BlockNasaWorkbench
GalacticraftCore:tile.gcBlockCore,728,true,null,micdoodle8.mods.galacticraft.core.blocks.BlockBasic
GalacticraftCore:tile.airLockFrame,729,true,null,micdoodle8.mods.galacticraft.core.blocks.BlockAirLockFrame
GalacticraftCore:tile.airLockSeal,730,true,null,micdoodle8.mods.galacticraft.core.blocks.BlockAirLockWall
GalacticraftCore:tile.enclosed,731,true,null,micdoodle8.mods.galacticraft.core.blocks.BlockEnclosed
GalacticraftCore:tile.spaceStationBase,732,true,null,micdoodle8.mods.galacticraft.core.blocks.BlockSpaceStationBase
GalacticraftCore:tile.dummyblock,733,true,null,micdoodle8.mods.galacticraft.core.blocks.BlockMulti
GalacticraftCore:tile.parachest,734,true,null,micdoodle8.mods.galacticraft.core.blocks.BlockParaChest
GalacticraftCore:tile.solar,735,true,null,micdoodle8.mods.galacticraft.core.blocks.BlockSolar
GalacticraftCore:tile.dish,736,true,null,micdoodle8.mods.galacticraft.core.blocks.BlockDish
GalacticraftCore:tile.machine,737,true,null,micdoodle8.mods.galacticraft.core.blocks.BlockMachine
GalacticraftCore:tile.machine2,738,true,null,micdoodle8.mods.galacticraft.core.blocks.BlockMachine2
GalacticraftCore:tile.machineTiered,739,true,null,micdoodle8.mods.galacticraft.core.blocks.BlockMachineTiered
GalacticraftCore:tile.aluminumWire,740,true,null,micdoodle8.mods.galacticraft.core.blocks.BlockAluminumWire
GalacticraftCore:tile.glowstoneTorch,741,true,null,micdoodle8.mods.galacticraft.core.blocks.BlockGlowstoneTorch
GalacticraftCore:tile.fallenMeteor,742,true,null,micdoodle8.mods.galacticraft.core.blocks.BlockFallenMeteor
GalacticraftCore:tile.moonBlock,743,true,null,micdoodle8.mods.galacticraft.core.blocks.BlockBasicMoon
GalacticraftCore:tile.cheeseBlock,744,true,null,micdoodle8.mods.galacticraft.core.blocks.BlockCheese
GalacticraftCore:tile.spinThruster,745,true,null,micdoodle8.mods.galacticraft.core.blocks.BlockSpinThruster
GalacticraftCore:tile.viewScreen,746,true,null,micdoodle8.mods.galacticraft.core.blocks.BlockScreen
GalacticraftCore:tile.telemetry,747,true,null,micdoodle8.mods.galacticraft.core.blocks.BlockTelemetry
GalacticraftCore:tile.arclamp,748,true,null,micdoodle8.mods.galacticraft.core.blocks.BlockBrightLamp
GalacticraftCore:tile.treasureChest,749,true,null,micdoodle8.mods.galacticraft.core.blocks.BlockT1TreasureChest
GalacticraftCore:tile.tinStairs1,750,true,null,micdoodle8.mods.galacticraft.core.blocks.BlockStairsGC
GalacticraftCore:tile.tinStairs2,751,true,null,micdoodle8.mods.galacticraft.core.blocks.BlockStairsGC
GalacticraftCore:tile.moonStoneStairs,752,true,null,micdoodle8.mods.galacticraft.core.blocks.BlockStairsGC
GalacticraftCore:tile.moonBricksStairs,753,true,null,micdoodle8.mods.galacticraft.core.blocks.BlockStairsGC
GalacticraftCore:tile.wallGC,754,true,null,micdoodle8.mods.galacticraft.core.blocks.BlockWallGC
GalacticraftCore:slabGCHalf,755,true,null,micdoodle8.mods.galacticraft.core.blocks.BlockSlabGC
GalacticraftCore:slabGCDouble,756,true,null,micdoodle8.mods.galacticraft.core.blocks.BlockSlabGC
GalacticraftCore:tile.unlitTorch_Stone,757,true,null,micdoodle8.mods.galacticraft.core.blocks.BlockUnlitTorch
GalacticraftCore:tile.unlitTorchLit_Stone,758,true,null,micdoodle8.mods.galacticraft.core.blocks.BlockUnlitTorch
gregtech:gt.blockmachines,759,true,null,gregtech.common.blocks.GT_Block_Machines
gregtech:gt.blockcasings,760,true,null,gregtech.common.blocks.GT_Block_Casings1
gregtech:gt.blockcasings2,761,true,null,gregtech.common.blocks.GT_Block_Casings2
gregtech:gt.blockcasings3,762,true,null,gregtech.common.blocks.GT_Block_Casings3
gregtech:gt.blockcasings4,763,true,null,gregtech.common.blocks.GT_Block_Casings4
gregtech:gt.blockcasings5,764,true,null,gregtech.common.blocks.GT_Block_Casings5
gregtech:gt.blockcasings6,765,true,null,gregtech.common.blocks.GT_Block_Casings6
gregtech:gt.blockcasings7,766,true,null,gregtech.common.blocks.GT_Block_Casings7
gregtech:gt.blockcasings8,767,true,null,gregtech.common.blocks.GT_Block_Casings8
gregtech:gt.blockcasingsNH,768,true,null,gregtech.common.blocks.GT_Block_CasingsNH
gregtech:gt.blockgranites,769,true,null,gregtech.common.blocks.GT_Block_Granites
gregtech:gt.blockconcretes,770,true,null,gregtech.common.blocks.GT_Block_Concretes
gregtech:gt.blockstones,771,true,null,gregtech.common.blocks.GT_Block_Stones
gregtech:gt.blockores,772,true,null,gregtech.common.blocks.GT_Block_Ores
gregtech:gt.blockmetal1,773,true,null,gregtech.common.blocks.GT_Block_Metal
gregtech:gt.blockmetal2,774,true,null,gregtech.common.blocks.GT_Block_Metal
gregtech:gt.blockmetal3,775,true,null,gregtech.common.blocks.GT_Block_Metal
gregtech:gt.blockmetal4,776,true,null,gregtech.common.blocks.GT_Block_Metal
gregtech:gt.blockmetal5,777,true,null,gregtech.common.blocks.GT_Block_Metal
gregtech:gt.blockmetal6,778,true,null,gregtech.common.blocks.GT_Block_Metal
gregtech:gt.blockmetal7,779,true,null,gregtech.common.blocks.GT_Block_Metal
gregtech:gt.blockmetal8,780,true,null,gregtech.common.blocks.GT_Block_Metal
gregtech:gt.blockgem1,781,true,null,gregtech.common.blocks.GT_Block_Metal
gregtech:gt.blockgem2,782,true,null,gregtech.common.blocks.GT_Block_Metal
gregtech:gt.blockgem3,783,true,null,gregtech.common.blocks.GT_Block_Metal
gregtech:gt.blockreinforced,784,true,null,gregtech.common.blocks.GT_Block_Reinforced
EnderIO:blockStirlingGenerator,785,true,null,crazypants.enderio.machine.generator.stirling.BlockStirlingGenerator
EnderIO:blockCombustionGenerator,786,true,null,crazypants.enderio.machine.generator.combustion.BlockCombustionGenerator
EnderIO:blockZombieGenerator,787,true,null,crazypants.enderio.machine.generator.zombie.BlockZombieGenerator
EnderIO:blockSolarPanel,788,true,null,crazypants.enderio.machine.solar.BlockSolarPanel
EnderIO:blockSagMill,789,true,null,crazypants.enderio.machine.crusher.BlockCrusher
EnderIO:blockAlloySmelter,790,true,null,crazypants.enderio.machine.alloy.BlockAlloySmelter
EnderIO:blockCapacitorBank,791,true,null,crazypants.enderio.machine.power.BlockCapacitorBank
EnderIO:blockCapBank,792,true,null,crazypants.enderio.machine.capbank.BlockCapBank
EnderIO:blockPainter,793,true,null,crazypants.enderio.machine.painter.BlockPainter
EnderIO:blockPaintedFence,794,true,null,crazypants.enderio.machine.painter.BlockPaintedFence
EnderIO:blockPaintedFenceGate,795,true,null,crazypants.enderio.machine.painter.BlockPaintedFenceGate
EnderIO:blockPaintedWall,796,true,null,crazypants.enderio.machine.painter.BlockPaintedWall
EnderIO:blockPaintedStair,797,true,null,crazypants.enderio.machine.painter.BlockPaintedStair
EnderIO:blockPaintedSlab,798,true,null,crazypants.enderio.machine.painter.BlockPaintedSlab
EnderIO:blockPaintedDoubleSlab,799,true,null,crazypants.enderio.machine.painter.BlockPaintedSlab
EnderIO:blockCrafter,800,true,null,crazypants.enderio.machine.crafter.BlockCrafter
EnderIO:blockPaintedGlowstone,801,true,null,crazypants.enderio.machine.painter.BlockPaintedGlowstone
EnderIO:blockPaintedCarpet,802,true,null,crazypants.enderio.machine.painter.BlockPaintedCarpet
EnderIO:blockVat,803,true,null,crazypants.enderio.machine.vat.BlockVat
EnderIO:blockPowerMonitor,804,true,null,crazypants.enderio.machine.monitor.BlockPowerMonitor
EnderIO:blockFarmStation,805,true,null,crazypants.enderio.machine.farm.BlockFarmStation
EnderIO:blockWirelessCharger,806,true,null,crazypants.enderio.machine.wireless.BlockWirelessCharger
EnderIO:blockHyperCube,807,true,null,crazypants.enderio.machine.hypercube.BlockHyperCube
EnderIO:blockTank,808,true,null,crazypants.enderio.machine.tank.BlockTank
EnderIO:blockReservoir,809,true,null,crazypants.enderio.machine.reservoir.BlockReservoir
EnderIO:blockVacuumChest,810,true,null,crazypants.enderio.machine.vacuum.BlockVacuumChest
EnderIO:blockTransceiver,811,true,null,crazypants.enderio.machine.transceiver.BlockTransceiver
EnderIO:blockBuffer,812,true,null,crazypants.enderio.machine.buffer.BlockBuffer
EnderIO:blockInventoryPanel,813,true,null,crazypants.enderio.machine.invpanel.BlockInventoryPanel
EnderIO:blockEnderIo,814,true,null,crazypants.enderio.enderface.BlockEnderIO
EnderIO:blockTravelAnchor,815,true,null,crazypants.enderio.teleport.anchor.BlockTravelAnchor
EnderIO:blockTelePad,816,true,null,crazypants.enderio.teleport.telepad.BlockTelePad
EnderIO:blockSliceAndSplice,817,true,null,crazypants.enderio.machine.slicensplice.BlockSliceAndSplice
EnderIO:blockSoulBinder,818,true,null,crazypants.enderio.machine.soul.BlockSoulBinder
EnderIO:blockPoweredSpawner,819,true,null,crazypants.enderio.machine.spawner.BlockPoweredSpawner
EnderIO:blockKillerJoe,820,true,null,crazypants.enderio.machine.killera.BlockKillerJoe
EnderIO:blockAttractor,821,true,null,crazypants.enderio.machine.obelisk.attractor.BlockAttractor
EnderIO:blockSpawnGuard,822,true,null,crazypants.enderio.machine.obelisk.aversion.BlockAversionObelisk
EnderIO:blockExperienceObelisk,823,true,null,crazypants.enderio.machine.obelisk.xp.BlockExperienceObelisk
EnderIO:blockWeatherObelisk,824,true,null,crazypants.enderio.machine.obelisk.weather.BlockWeatherObelisk
EnderIO:blockInhibitorObelisk,825,true,null,crazypants.enderio.machine.obelisk.inhibitor.BlockInhibitorObelisk
EnderIO:blockEnchanter,826,true,null,crazypants.enderio.machine.enchanter.BlockEnchanter
EnderIO:blockDarkSteelPressurePlate,827,true,null,crazypants.enderio.block.BlockDarkSteelPressurePlate
EnderIO:blockDarkSteelAnvil,828,true,null,crazypants.enderio.block.BlockDarkSteelAnvil
EnderIO:blockDarkSteelLadder,829,true,null,crazypants.enderio.block.BlockDarkSteelLadder
EnderIO:blockElectricLight,830,true,null,crazypants.enderio.machine.light.BlockElectricLight
EnderIO:blockLightNode,831,true,null,crazypants.enderio.machine.light.BlockLightNode
EnderIO:blockReinforcedObsidian,832,true,null,crazypants.enderio.block.BlockReinforcedObsidian
EnderIO:blockFusedQuartz,833,true,null,crazypants.enderio.material.BlockFusedQuartz
EnderIO:blockEnderRail,834,true,null,crazypants.enderio.rail.BlockEnderRail
EnderIO:blockConduitBundle,835,true,null,crazypants.enderio.conduit.BlockConduitBundle
EnderIO:blockConduitFacade,836,true,null,crazypants.enderio.conduit.facade.BlockConduitFacade
EnderIO:blockEndermanSkull,837,true,null,crazypants.enderio.item.skull.BlockEndermanSkull
EnderIO:blockNutrient_distillation,838,true,null,crazypants.enderio.fluid.BlockFluidEio
EnderIO:blockHootch,839,true,null,crazypants.enderio.fluid.BlockFluidEio
EnderIO:blockRocket_fuel,840,true,null,crazypants.enderio.fluid.BlockFluidEio
EnderIO:blockFire_water,841,true,null,crazypants.enderio.fluid.BlockFluidEio
EnderIO:blockLiquid_sunshine,842,true,null,crazypants.enderio.fluid.BlockFluidEio
EnderIO:blockCloud_seed,843,true,null,crazypants.enderio.fluid.BlockFluidEio
EnderIO:blockCloud_seed_concentrated,844,true,null,crazypants.enderio.fluid.BlockFluidEio
EnderIO:blockIngotStorage,845,true,null,crazypants.enderio.material.BlockIngotStorage
EnderIO:blockDarkIronBars,846,true,null,crazypants.enderio.material.BlockDarkIronBars
miscutils:blockBlockSelenium,847,true,null,gtPlusPlus.core.block.base.BlockBaseModular
miscutils:blockFrameGtSelenium,848,true,null,gtPlusPlus.core.block.base.BlockBaseModular
miscutils:blockBlockStrontium,849,true,null,gtPlusPlus.core.block.base.BlockBaseModular
miscutils:blockFrameGtStrontium,850,true,null,gtPlusPlus.core.block.base.BlockBaseModular
miscutils:blockBlockZirconium,851,true,null,gtPlusPlus.core.block.base.BlockBaseModular
miscutils:blockFrameGtZirconium,852,true,null,gtPlusPlus.core.block.base.BlockBaseModular
miscutils:blockBlockRuthenium,853,true,null,gtPlusPlus.core.block.base.BlockBaseModular
miscutils:blockFrameGtRuthenium,854,true,null,gtPlusPlus.core.block.base.BlockBaseModular
miscutils:blockBlockIodine,855,true,null,gtPlusPlus.core.block.base.BlockBaseModular
miscutils:blockFrameGtIodine,856,true,null,gtPlusPlus.core.block.base.BlockBaseModular
miscutils:blockBlockHafnium,857,true,null,gtPlusPlus.core.block.base.BlockBaseModular
miscutils:blockFrameGtHafnium,858,true,null,gtPlusPlus.core.block.base.BlockBaseModular
miscutils:blockBlockDysprosium,859,true,null,gtPlusPlus.core.block.base.BlockBaseModular
miscutils:blockFrameGtDysprosium,860,true,null,gtPlusPlus.core.block.base.BlockBaseModular
miscutils:blockBlockTellurium,861,true,null,gtPlusPlus.core.block.base.BlockBaseModular
miscutils:blockFrameGtTellurium,862,true,null,gtPlusPlus.core.block.base.BlockBaseModular
miscutils:blockBlockRhodium,863,true,null,gtPlusPlus.core.block.base.BlockBaseModular
miscutils:blockFrameGtRhodium,864,true,null,gtPlusPlus.core.block.base.BlockBaseModular
miscutils:blockBlockRhenium,865,true,null,gtPlusPlus.core.block.base.BlockBaseModular
miscutils:blockFrameGtRhenium,866,true,null,gtPlusPlus.core.block.base.BlockBaseModular
miscutils:blockBlockThallium,867,true,null,gtPlusPlus.core.block.base.BlockBaseModular
miscutils:blockFrameGtThallium,868,true,null,gtPlusPlus.core.block.base.BlockBaseModular
miscutils:blockBlockTechnetium,869,true,null,gtPlusPlus.core.block.base.BlockBaseModular
miscutils:blockBlockPolonium,870,true,null,gtPlusPlus.core.block.base.BlockBaseModular
miscutils:blockBlockAstatine,871,true,null,gtPlusPlus.core.block.base.BlockBaseModular
miscutils:blockBlockFrancium,872,true,null,gtPlusPlus.core.block.base.BlockBaseModular
miscutils:blockBlockRadium,873,true,null,gtPlusPlus.core.block.base.BlockBaseModular
miscutils:blockBlockPromethium,874,true,null,gtPlusPlus.core.block.base.BlockBaseModular
miscutils:blockBlockActinium,875,true,null,gtPlusPlus.core.block.base.BlockBaseModular
miscutils:blockBlockProtactinium,876,true,null,gtPlusPlus.core.block.base.BlockBaseModular
miscutils:blockBlockNeptunium,877,true,null,gtPlusPlus.core.block.base.BlockBaseModular
miscutils:blockBlockCurium,878,true,null,gtPlusPlus.core.block.base.BlockBaseModular
miscutils:blockBlockBerkelium,879,true,null,gtPlusPlus.core.block.base.BlockBaseModular
miscutils:blockBlockCalifornium,880,true,null,gtPlusPlus.core.block.base.BlockBaseModular
miscutils:blockBlockEinsteinium,881,true,null,gtPlusPlus.core.block.base.BlockBaseModular
miscutils:blockBlockFermium,882,true,null,gtPlusPlus.core.block.base.BlockBaseModular
miscutils:blockBlockLithium7,883,true,null,gtPlusPlus.core.block.base.BlockBaseModular
miscutils:blockBlockThorium232,884,true,null,gtPlusPlus.core.block.base.BlockBaseModular
miscutils:blockBlockUranium232,885,true,null,gtPlusPlus.core.block.base.BlockBaseModular
miscutils:blockBlockUranium233,886,true,null,gtPlusPlus.core.block.base.BlockBaseModular
miscutils:blockBlockPlutonium238,887,true,null,gtPlusPlus.core.block.base.BlockBaseModular
miscutils:blockBlockPlutonium239,888,true,null,gtPlusPlus.core.block.base.BlockBaseModular
miscutils:blockBlockStrontium90,889,true,null,gtPlusPlus.core.block.base.BlockBaseModular
miscutils:blockBlockPolonium210,890,true,null,gtPlusPlus.core.block.base.BlockBaseModular
miscutils:blockBlockAmericium241,891,true,null,gtPlusPlus.core.block.base.BlockBaseModular
miscutils:blockBlockAdvancedNitinol,892,true,null,gtPlusPlus.core.block.base.BlockBaseModular
miscutils:blockBlockAstralTitanium,893,true,null,gtPlusPlus.core.block.base.BlockBaseModular
miscutils:blockFrameGtAstralTitanium,894,true,null,gtPlusPlus.core.block.base.BlockBaseModular
miscutils:blockBlockCelestialTungsten,895,true,null,gtPlusPlus.core.block.base.BlockBaseModular
miscutils:blockFrameGtCelestialTungsten,896,true,null,gtPlusPlus.core.block.base.BlockBaseModular
miscutils:blockBlockHypogen,897,true,null,gtPlusPlus.core.block.base.BlockBaseModular
miscutils:blockFrameGtHypogen,898,true,null,gtPlusPlus.core.block.base.BlockBaseModular
miscutils:blockBlockChromaticGlass,899,true,null,gtPlusPlus.core.block.base.BlockBaseModular
miscutils:blockFrameGtChromaticGlass,900,true,null,gtPlusPlus.core.block.base.BlockBaseModular
miscutils:blockBlockBlackMetal,901,true,null,gtPlusPlus.core.block.base.BlockBaseModular
miscutils:blockFrameGtBlackMetal,902,true,null,gtPlusPlus.core.block.base.BlockBaseModular
miscutils:blockBlockWhiteMetal,903,true,null,gtPlusPlus.core.block.base.BlockBaseModular
miscutils:blockFrameGtWhiteMetal,904,true,null,gtPlusPlus.core.block.base.BlockBaseModular
miscutils:blockBlockAncientGranite,905,true,null,gtPlusPlus.core.block.base.BlockBaseModular
miscutils:blockBlockRunite,906,true,null,gtPlusPlus.core.block.base.BlockBaseModular
miscutils:blockBlockDragonblood,907,true,null,gtPlusPlus.core.block.base.BlockBaseModular
miscutils:blockBlockSiliconCarbide,908,true,null,gtPlusPlus.core.block.base.BlockBaseModular
miscutils:blockFrameGtSiliconCarbide,909,true,null,gtPlusPlus.core.block.base.BlockBaseModular
miscutils:blockBlockZirconiumCarbide,910,true,null,gtPlusPlus.core.block.base.BlockBaseModular
miscutils:blockFrameGtZirconiumCarbide,911,true,null,gtPlusPlus.core.block.base.BlockBaseModular
miscutils:blockBlockTantalumCarbide,912,true,null,gtPlusPlus.core.block.base.BlockBaseModular
miscutils:blockFrameGtTantalumCarbide,913,true,null,gtPlusPlus.core.block.base.BlockBaseModular
miscutils:blockBlockNiobiumCarbide,914,true,null,gtPlusPlus.core.block.base.BlockBaseModular
miscutils:blockFrameGtNiobiumCarbide,915,true,null,gtPlusPlus.core.block.base.BlockBaseModular
miscutils:blockBlockTungstenTitaniumCarbide,916,true,null,gtPlusPlus.core.block.base.BlockBaseModular
miscutils:blockFrameGtTungstenTitaniumCarbide,917,true,null,gtPlusPlus.core.block.base.BlockBaseModular
miscutils:blockBlockBerylliumFluoride,918,true,null,gtPlusPlus.core.block.base.BlockBaseModular
miscutils:blockBlockLithiumFluoride,919,true,null,gtPlusPlus.core.block.base.BlockBaseModular
miscutils:blockBlockThoriumTetrafluoride,920,true,null,gtPlusPlus.core.block.base.BlockBaseModular
miscutils:blockBlockThoriumHexafluoride,921,true,null,gtPlusPlus.core.block.base.BlockBaseModular
miscutils:blockBlockUraniumTetrafluoride,922,true,null,gtPlusPlus.core.block.base.BlockBaseModular
miscutils:blockBlockUraniumHexafluoride,923,true,null,gtPlusPlus.core.block.base.BlockBaseModular
miscutils:blockBlockZirconiumTetrafluoride,924,true,null,gtPlusPlus.core.block.base.BlockBaseModular
miscutils:blockBlockNeptuniumHexafluoride,925,true,null,gtPlusPlus.core.block.base.BlockBaseModular
miscutils:blockBlockTechnetiumHexafluoride,926,true,null,gtPlusPlus.core.block.base.BlockBaseModular
miscutils:blockBlockSeleniumHexafluoride,927,true,null,gtPlusPlus.core.block.base.BlockBaseModular
miscutils:blockBlockLiFBeF2ZrF4U235,928,true,null,gtPlusPlus.core.block.base.BlockBaseModular
miscutils:blockBlockLiFBeF2ZrF4UF4,929,true,null,gtPlusPlus.core.block.base.BlockBaseModular
miscutils:blockBlockLiFBeF2ThF4UF4,930,true,null,gtPlusPlus.core.block.base.BlockBaseModular
miscutils:blockBlockEnergyCrystal,931,true,null,gtPlusPlus.core.block.base.BlockBaseModular
miscutils:blockFrameGtEnergyCrystal,932,true,null,gtPlusPlus.core.block.base.BlockBaseModular
miscutils:blockBlockBloodSteel,933,true,null,gtPlusPlus.core.block.base.BlockBaseModular
miscutils:blockFrameGtBloodSteel,934,true,null,gtPlusPlus.core.block.base.BlockBaseModular
miscutils:blockBlockZeron100,935,true,null,gtPlusPlus.core.block.base.BlockBaseModular
miscutils:blockFrameGtZeron100,936,true,null,gtPlusPlus.core.block.base.BlockBaseModular
miscutils:blockBlockTumbaga,937,true,null,gtPlusPlus.core.block.base.BlockBaseModular
miscutils:blockFrameGtTumbaga,938,true,null,gtPlusPlus.core.block.base.BlockBaseModular
miscutils:blockBlockPotin,939,true,null,gtPlusPlus.core.block.base.BlockBaseModular
miscutils:blockFrameGtPotin,940,true,null,gtPlusPlus.core.block.base.BlockBaseModular
miscutils:blockBlockStaballoy,941,true,null,gtPlusPlus.core.block.base.BlockBaseModular
miscutils:blockFrameGtStaballoy,942,true,null,gtPlusPlus.core.block.base.BlockBaseModular
miscutils:blockBlockTantalloy60,943,true,null,gtPlusPlus.core.block.base.BlockBaseModular
miscutils:blockFrameGtTantalloy60,944,true,null,gtPlusPlus.core.block.base.BlockBaseModular
miscutils:blockBlockTantalloy61,945,true,null,gtPlusPlus.core.block.base.BlockBaseModular
miscutils:blockFrameGtTantalloy61,946,true,null,gtPlusPlus.core.block.base.BlockBaseModular
miscutils:blockBlockInconel625,947,true,null,gtPlusPlus.core.block.base.BlockBaseModular
miscutils:blockFrameGtInconel625,948,true,null,gtPlusPlus.core.block.base.BlockBaseModular
miscutils:blockBlockInconel690,949,true,null,gtPlusPlus.core.block.base.BlockBaseModular
miscutils:blockFrameGtInconel690,950,true,null,gtPlusPlus.core.block.base.BlockBaseModular
miscutils:blockBlockInconel792,951,true,null,gtPlusPlus.core.block.base.BlockBaseModular
miscutils:blockFrameGtInconel792,952,true,null,gtPlusPlus.core.block.base.BlockBaseModular
miscutils:blockBlockEglinSteel,953,true,null,gtPlusPlus.core.block.base.BlockBaseModular
miscutils:blockFrameGtEglinSteel,954,true,null,gtPlusPlus.core.block.base.BlockBaseModular
miscutils:blockBlockMaragingSteel250,955,true,null,gtPlusPlus.core.block.base.BlockBaseModular
miscutils:blockFrameGtMaragingSteel250,956,true,null,gtPlusPlus.core.block.base.BlockBaseModular
miscutils:blockBlockMaragingSteel300,957,true,null,gtPlusPlus.core.block.base.BlockBaseModular
miscutils:blockFrameGtMaragingSteel300,958,true,null,gtPlusPlus.core.block.base.BlockBaseModular
miscutils:blockBlockMaragingSteel350,959,true,null,gtPlusPlus.core.block.base.BlockBaseModular
miscutils:blockFrameGtMaragingSteel350,960,true,null,gtPlusPlus.core.block.base.BlockBaseModular
miscutils:blockBlockWatertightSteel,961,true,null,gtPlusPlus.core.block.base.BlockBaseModular
miscutils:blockFrameGtWatertightSteel,962,true,null,gtPlusPlus.core.block.base.BlockBaseModular
miscutils:blockBlockNitinol60,963,true,null,gtPlusPlus.core.block.base.BlockBaseModular
miscutils:blockFrameGtNitinol60,964,true,null,gtPlusPlus.core.block.base.BlockBaseModular
miscutils:blockBlockStellite,965,true,null,gtPlusPlus.core.block.base.BlockBaseModular
miscutils:blockFrameGtStellite,966,true,null,gtPlusPlus.core.block.base.BlockBaseModular
miscutils:blockBlockTalonite,967,true,null,gtPlusPlus.core.block.base.BlockBaseModular
miscutils:blockFrameGtTalonite,968,true,null,gtPlusPlus.core.block.base.BlockBaseModular
miscutils:blockBlockHastelloyW,969,true,null,gtPlusPlus.core.block.base.BlockBaseModular
miscutils:blockFrameGtHastelloyW,970,true,null,gtPlusPlus.core.block.base.BlockBaseModular
miscutils:blockBlockHastelloyX,971,true,null,gtPlusPlus.core.block.base.BlockBaseModular
miscutils:blockFrameGtHastelloyX,972,true,null,gtPlusPlus.core.block.base.BlockBaseModular
miscutils:blockBlockHastelloyC276,973,true,null,gtPlusPlus.core.block.base.BlockBaseModular
miscutils:blockFrameGtHastelloyC276,974,true,null,gtPlusPlus.core.block.base.BlockBaseModular
miscutils:blockBlockHastelloyN,975,true,null,gtPlusPlus.core.block.base.BlockBaseModular
miscutils:blockFrameGtHastelloyN,976,true,null,gtPlusPlus.core.block.base.BlockBaseModular
miscutils:blockBlockIncoloy020,977,true,null,gtPlusPlus.core.block.base.BlockBaseModular
miscutils:blockFrameGtIncoloy020,978,true,null,gtPlusPlus.core.block.base.BlockBaseModular
miscutils:blockBlockIncoloyDS,979,true,null,gtPlusPlus.core.block.base.BlockBaseModular
miscutils:blockFrameGtIncoloyDS,980,true,null,gtPlusPlus.core.block.base.BlockBaseModular
miscutils:blockBlockIncoloyMA956,981,true,null,gtPlusPlus.core.block.base.BlockBaseModular
miscutils:blockFrameGtIncoloyMA956,982,true,null,gtPlusPlus.core.block.base.BlockBaseModular
miscutils:blockBlockGrisium,983,true,null,gtPlusPlus.core.block.base.BlockBaseModular
miscutils:blockFrameGtGrisium,984,true,null,gtPlusPlus.core.block.base.BlockBaseModular
miscutils:blockBlockTrinium,985,true,null,gtPlusPlus.core.block.base.BlockBaseModular
miscutils:blockBlockRefinedTrinium,986,true,null,gtPlusPlus.core.block.base.BlockBaseModular
miscutils:blockBlockTriniumTitaniumAlloy,987,true,null,gtPlusPlus.core.block.base.BlockBaseModular
miscutils:blockFrameGtTriniumTitaniumAlloy,988,true,null,gtPlusPlus.core.block.base.BlockBaseModular
miscutils:blockBlockTriniumNaquadahAlloy,989,true,null,gtPlusPlus.core.block.base.BlockBaseModular
miscutils:blockBlockTriniumNaquadahCarbonite,990,true,null,gtPlusPlus.core.block.base.BlockBaseModular
miscutils:blockFrameGtTriniumNaquadahCarbonite,991,true,null,gtPlusPlus.core.block.base.BlockBaseModular
miscutils:blockBlockArceusAlloy2B,992,true,null,gtPlusPlus.core.block.base.BlockBaseModular
miscutils:blockFrameGtArceusAlloy2B,993,true,null,gtPlusPlus.core.block.base.BlockBaseModular
miscutils:blockBlockLafiumCompound,994,true,null,gtPlusPlus.core.block.base.BlockBaseModular
miscutils:blockFrameGtLafiumCompound,995,true,null,gtPlusPlus.core.block.base.BlockBaseModular
miscutils:blockBlockCinobiteA243,996,true,null,gtPlusPlus.core.block.base.BlockBaseModular
miscutils:blockFrameGtCinobiteA243,997,true,null,gtPlusPlus.core.block.base.BlockBaseModular
miscutils:blockBlockPikyonium64B,998,true,null,gtPlusPlus.core.block.base.BlockBaseModular
miscutils:blockFrameGtPikyonium64B,999,true,null,gtPlusPlus.core.block.base.BlockBaseModular
miscutils:blockBlockAbyssalAlloy,1000,true,null,gtPlusPlus.core.block.base.BlockBaseModular
miscutils:blockFrameGtAbyssalAlloy,1001,true,null,gtPlusPlus.core.block.base.BlockBaseModular
miscutils:blockBlockTitansteel,1002,true,null,gtPlusPlus.core.block.base.BlockBaseModular
miscutils:blockFrameGtTitansteel,1003,true,null,gtPlusPlus.core.block.base.BlockBaseModular
miscutils:blockBlockArcanite,1004,true,null,gtPlusPlus.core.block.base.BlockBaseModular
miscutils:blockFrameGtArcanite,1005,true,null,gtPlusPlus.core.block.base.BlockBaseModular
miscutils:blockBlockOctiron,1006,true,null,gtPlusPlus.core.block.base.BlockBaseModular
miscutils:blockFrameGtOctiron,1007,true,null,gtPlusPlus.core.block.base.BlockBaseModular
miscutils:blockBlockBabbitAlloy,1008,true,null,gtPlusPlus.core.block.base.BlockBaseModular
miscutils:blockBlockBlackTitanium,1009,true,null,gtPlusPlus.core.block.base.BlockBaseModular
miscutils:blockBlockRhugnor,1010,true,null,gtPlusPlus.core.block.base.BlockBaseModular
miscutils:blockBlockQuantum,1011,true,null,gtPlusPlus.core.block.base.BlockBaseModular
miscutils:blockFrameGtQuantum,1012,true,null,gtPlusPlus.core.block.base.BlockBaseModular
miscutils:oreFluorite,1013,true,null,gtPlusPlus.core.block.base.BlockBaseOre
miscutils:oreKoboldite,1014,true,null,gtPlusPlus.core.block.base.BlockBaseOre
miscutils:oreCrocoite,1015,true,null,gtPlusPlus.core.block.base.BlockBaseOre
miscutils:oreGeikielite,1016,true,null,gtPlusPlus.core.block.base.BlockBaseOre
miscutils:oreNichromite,1017,true,null,gtPlusPlus.core.block.base.BlockBaseOre
miscutils:oreTitanite,1018,true,null,gtPlusPlus.core.block.base.BlockBaseOre
miscutils:oreZimbabweite,1019,true,null,gtPlusPlus.core.block.base.BlockBaseOre
miscutils:oreZirconolite,1020,true,null,gtPlusPlus.core.block.base.BlockBaseOre
miscutils:oreGadoliniteCe,1021,true,null,gtPlusPlus.core.block.base.BlockBaseOre
miscutils:oreGadoliniteY,1022,true,null,gtPlusPlus.core.block.base.BlockBaseOre
miscutils:oreLepersonnite,1023,true,null,gtPlusPlus.core.block.base.BlockBaseOre
miscutils:oreSamarskiteY,1024,true,null,gtPlusPlus.core.block.base.BlockBaseOre
miscutils:oreSamarskiteYb,1025,true,null,gtPlusPlus.core.block.base.BlockBaseOre
miscutils:oreXenotime,1026,true,null,gtPlusPlus.core.block.base.BlockBaseOre
miscutils:oreYttriaite,1027,true,null,gtPlusPlus.core.block.base.BlockBaseOre
miscutils:oreYttrialite,1028,true,null,gtPlusPlus.core.block.base.BlockBaseOre
miscutils:oreYttrocerite,1029,true,null,gtPlusPlus.core.block.base.BlockBaseOre
miscutils:oreZircon,1030,true,null,gtPlusPlus.core.block.base.BlockBaseOre
miscutils:orePolycrase,1031,true,null,gtPlusPlus.core.block.base.BlockBaseOre
miscutils:oreZircophyllite,1032,true,null,gtPlusPlus.core.block.base.BlockBaseOre
miscutils:oreZirkelite,1033,true,null,gtPlusPlus.core.block.base.BlockBaseOre
miscutils:oreLanthaniteLa,1034,true,null,gtPlusPlus.core.block.base.BlockBaseOre
miscutils:oreLanthaniteCe,1035,true,null,gtPlusPlus.core.block.base.BlockBaseOre
miscutils:oreLanthaniteNd,1036,true,null,gtPlusPlus.core.block.base.BlockBaseOre
miscutils:oreAgarditeY,1037,true,null,gtPlusPlus.core.block.base.BlockBaseOre
miscutils:oreAgarditeCd,1038,true,null,gtPlusPlus.core.block.base.BlockBaseOre
miscutils:oreAgarditeLa,1039,true,null,gtPlusPlus.core.block.base.BlockBaseOre
miscutils:oreAgarditeNd,1040,true,null,gtPlusPlus.core.block.base.BlockBaseOre
miscutils:oreHibonite,1041,true,null,gtPlusPlus.core.block.base.BlockBaseOre
miscutils:oreCerite,1042,true,null,gtPlusPlus.core.block.base.BlockBaseOre
miscutils:oreFluorcaphite,1043,true,null,gtPlusPlus.core.block.base.BlockBaseOre
miscutils:oreFlorencite,1044,true,null,gtPlusPlus.core.block.base.BlockBaseOre
miscutils:oreCryolite,1045,true,null,gtPlusPlus.core.block.base.BlockBaseOre
miscutils:oreLautarite,1046,true,null,gtPlusPlus.core.block.base.BlockBaseOre
miscutils:oreLafossaite,1047,true,null,gtPlusPlus.core.block.base.BlockBaseOre
miscutils:oreDemicheleiteBr,1048,true,null,gtPlusPlus.core.block.base.BlockBaseOre
miscutils:oreComancheite,1049,true,null,gtPlusPlus.core.block.base.BlockBaseOre
miscutils:orePerroudite,1050,true,null,gtPlusPlus.core.block.base.BlockBaseOre
miscutils:oreHoneaite,1051,true,null,gtPlusPlus.core.block.base.BlockBaseOre
miscutils:oreAlburnite,1052,true,null,gtPlusPlus.core.block.base.BlockBaseOre
miscutils:oreMiessiite,1053,true,null,gtPlusPlus.core.block.base.BlockBaseOre
miscutils:oreKashinite,1054,true,null,gtPlusPlus.core.block.base.BlockBaseOre
miscutils:oreIrarsite,1055,true,null,gtPlusPlus.core.block.base.BlockBaseOre
miscutils:oreBariteRd,1056,true,null,gtPlusPlus.core.block.base.BlockBaseOre
miscutils:oreRadioactiveMineralMix,1057,true,null,gtPlusPlus.core.block.base.BlockBaseOre
miscutils:oreTrinium,1058,true,null,gtPlusPlus.core.block.base.BlockBaseOre
miscutils:oreAncientGranite,1059,true,null,gtPlusPlus.core.block.base.BlockBaseOre
miscutils:oreRunite,1060,true,null,gtPlusPlus.core.block.base.BlockBaseOre
miscutils:blockBlockMeatRaw,1061,true,null,gtPlusPlus.core.block.base.BlockBaseModular
miscutils:blockBlockBakelite,1062,true,null,gtPlusPlus.core.block.base.BlockBaseModular
miscutils:blockBlockNylon,1063,true,null,gtPlusPlus.core.block.base.BlockBaseModular
miscutils:blockBlockTeflon,1064,true,null,gtPlusPlus.core.block.base.BlockBaseModular
miscutils:blockMFEffect,1065,true,null,gtPlusPlus.core.block.general.LightGlass
miscutils:miscutils_fluidBlockSludge,1066,true,null,gtPlusPlus.core.block.general.fluids.BlockFluidSludge
miscutils:blockWorkbenchGT,1067,true,null,gtPlusPlus.core.block.machine.Machine_Workbench
miscutils:blockWorkbenchGTAdvanced,1068,true,null,gtPlusPlus.core.block.machine.Machine_WorkbenchAdvanced
miscutils:blockHeliumGenerator,1069,true,null,gtPlusPlus.core.block.machine.HeliumGenerator
miscutils:blockFirePit,1070,true,null,gtPlusPlus.core.block.general.FirePit
miscutils:blockFishTrap,1071,true,null,gtPlusPlus.core.block.machine.FishTrap
miscutils:blockInfiniteFluidTank,1072,true,null,gtPlusPlus.core.block.general.FluidTankInfinite
miscutils:blockMiningExplosives,1073,true,null,gtPlusPlus.core.block.general.MiningExplosives
miscutils:blockHellFire,1074,true,null,gtPlusPlus.core.block.general.HellFire
miscutils:blockProjectBench,1075,true,null,gtPlusPlus.core.block.machine.Machine_ProjectTable
miscutils:blockTradeBench,1076,true,null,gtPlusPlus.core.block.machine.Machine_TradeTable
miscutils:blockModularity,1077,true,null,gtPlusPlus.core.block.machine.Machine_ModularityTable
miscutils:blockBlackGate,1078,true,null,gtPlusPlus.core.block.general.antigrief.BlockWitherProof
miscutils:blockTankXpConverter,1079,true,null,gtPlusPlus.core.block.general.BlockTankXpConverter
miscutils:blockCompressedObsidian,1080,true,null,gtPlusPlus.core.block.general.BlockCompressedObsidian
miscutils:blockNet,1081,true,null,gtPlusPlus.core.block.general.BlockNet
miscutils:blockMiningPipeFake,1082,true,null,gtPlusPlus.core.block.machine.bedrock.Mining_Pipe_Fake
miscutils:blockMiningHeadFake,1083,true,null,gtPlusPlus.core.block.machine.bedrock.Mining_Head_Fake
miscutils:blockCircuitProgrammer,1084,true,null,gtPlusPlus.core.block.machine.CircuitProgrammer
miscutils:blockDecayablesChest,1085,true,null,gtPlusPlus.core.block.machine.DecayablesChest
miscutils:tile.playerDoorWood,1086,true,null,gtPlusPlus.core.block.general.PlayerDoors
miscutils:tile.playerDoorIron,1087,true,null,gtPlusPlus.core.block.general.PlayerDoors
miscutils:tile.playerDoorGlass,1088,true,null,gtPlusPlus.core.block.general.PlayerDoors
miscutils:tile.playerDoorIce,1089,true,null,gtPlusPlus.core.block.general.PlayerDoors
miscutils:tile.playerDoorCactus,1090,true,null,gtPlusPlus.core.block.general.PlayerDoors
miscutils:blockSuperJukebox,1091,true,null,gtPlusPlus.core.block.machine.Machine_SuperJukebox
miscutils:blockPooCollector,1092,true,null,gtPlusPlus.core.block.machine.Machine_PooCollector
miscutils:blockGenericRedstone.detector,1093,true,null,gtPlusPlus.core.block.general.redstone.BlockGenericRedstoneDetector
miscutils:blockGenericRedstone.test,1094,true,null,gtPlusPlus.core.block.general.redstone.BlockGenericRedstoneTest
miscutils:FluidPyrotheum,1095,true,null,gtPlusPlus.xmod.thermalfoundation.block.TF_Block_Fluid_Pyrotheum
miscutils:FluidCryotheum,1096,true,null,gtPlusPlus.xmod.thermalfoundation.block.TF_Block_Fluid_Cryotheum
miscutils:FluidEnder,1097,true,null,gtPlusPlus.xmod.thermalfoundation.block.TF_Block_Fluid_Ender
miscutils:blockRainforestOakLog,1098,true,null,gtPlusPlus.xmod.bop.blocks.rainforest.LogRainforestTree
miscutils:blockRainforestOakLeaves,1099,true,null,gtPlusPlus.xmod.bop.blocks.rainforest.LeavesRainforestTree
miscutils:blockRainforestOakSapling,1100,true,null,gtPlusPlus.xmod.bop.blocks.rainforest.SaplingRainforestTree
BuildCraft|Robotics:zonePlan,1101,true,null,buildcraft.robotics.BlockZonePlan
BuildCraft|Robotics:requester,1102,true,null,buildcraft.robotics.BlockRequester
ForgeMultipart:block,1103,false,null,codechicken.multipart.BlockMultipart
Australia:dimensionAustraliaPortalBlock,1104,true,null,gtPlusPlus.australia.block.BlockAustraliaPortal
Australia:blockAustraliaPortalFrame,1105,true,null,gtPlusPlus.australia.block.BlockDarkWorldPortalFrame
Australia:blockAustralianTopSoil,1106,true,null,gtPlusPlus.australia.block.BlockAustraliaSand
Australia:blockAustralianSand,1107,true,null,gtPlusPlus.australia.block.BlockAustraliaTopSoil
ToxicEverglades:fluidSludge,1108,true,null,gtPlusPlus.core.block.base.BlockBaseFluid
ToxicEverglades:dimensionDarkWorld_portal,1109,true,null,gtPlusPlus.everglades.block.BlockEvergladesPortal
ToxicEverglades:blockDarkWorldGround,1110,true,null,gtPlusPlus.everglades.block.BlockDarkWorldGround
ToxicEverglades:blockDarkWorldGround2,1111,true,null,gtPlusPlus.everglades.block.BlockDarkWorldPollutedDirt
ToxicEverglades:blockDarkWorldPortalFrame,1112,true,null,gtPlusPlus.everglades.block.BlockDarkWorldPortalFrame
Magneticraft:tile.limestoneSlab,1113,true,null,com.cout970.magneticraft.block.slabs.BlockOreLimeSlab
Magneticraft:tile.limestoneSlabFull,1114,true,null,com.cout970.magneticraft.block.slabs.BlockOreLimeSlab
Magneticraft:tile.burnt_limestoneSlab,1115,true,null,com.cout970.magneticraft.block.slabs.BlockBurntLimeSlab
Magneticraft:tile.burnt_limestoneSlabFull,1116,true,null,com.cout970.magneticraft.block.slabs.BlockBurntLimeSlab
Magneticraft:tile.brick_limestoneSlab,1117,true,null,com.cout970.magneticraft.block.slabs.BlockBrickLimeSlab
Magneticraft:tile.brick_limestoneSlabFull,1118,true,null,com.cout970.magneticraft.block.slabs.BlockBrickLimeSlab
Magneticraft:tile.roofTileSlab,1119,true,null,com.cout970.magneticraft.block.slabs.BlockClayTileSlab
Magneticraft:tile.roofTileSlabFull,1120,true,null,com.cout970.magneticraft.block.slabs.BlockClayTileSlab
Magneticraft:tile.tile_limestoneSlab,1121,true,null,com.cout970.magneticraft.block.slabs.BlockTileLimeSlab
Magneticraft:tile.tile_limestoneSlabFull,1122,true,null,com.cout970.magneticraft.block.slabs.BlockTileLimeSlab
Magneticraft:tile.burnt_brick_limestoneSlab,1123,true,null,com.cout970.magneticraft.block.slabs.BlockBurntBrickLimeSlab
Magneticraft:tile.burnt_brick_limestoneSlabFull,1124,true,null,com.cout970.magneticraft.block.slabs.BlockBurntBrickLimeSlab
Magneticraft:tile.cobble_limestoneSlab,1125,true,null,com.cout970.magneticraft.block.slabs.BlockCobbleLimeSlab
Magneticraft:tile.cobble_limestoneSlabFull,1126,true,null,com.cout970.magneticraft.block.slabs.BlockCobbleLimeSlab
Magneticraft:tile.burnt_cobble_limestoneSlab,1127,true,null,com.cout970.magneticraft.block.slabs.BlockBurntCobbleLimeSlab
Magneticraft:tile.burnt_cobble_limestoneSlabFull,1128,true,null,com.cout970.magneticraft.block.slabs.BlockBurntCobbleLimeSlab
Magneticraft:pumpjack_1,1129,true,null,com.cout970.magneticraft.block.BlockPumpJack
Magneticraft:ShelvingUnit,1130,true,null,com.cout970.magneticraft.block.BlockShelvingUnit
Magneticraft:oil_source,1131,true,null,com.cout970.magneticraft.block.BlockOilSource
Magneticraft:oil_source_drained,1132,true,null,com.cout970.magneticraft.block.BlockOilSourceDrained
Magneticraft:copper_ore,1133,true,null,com.cout970.magneticraft.block.BlockOre
Magneticraft:salt_ore,1134,true,null,com.cout970.magneticraft.block.BlockOre
Magneticraft:sulfur_ore,1135,true,null,com.cout970.magneticraft.block.BlockOre
Magneticraft:thorium_ore,1136,true,null,com.cout970.magneticraft.block.BlockOre
Magneticraft:tungsten_ore,1137,true,null,com.cout970.magneticraft.block.BlockOre
Magneticraft:uranium_ore,1138,true,null,com.cout970.magneticraft.block.BlockOre
Magneticraft:limestone,1139,true,null,com.cout970.magneticraft.block.BlockOre
Magneticraft:tile.limestoneStairs,1140,true,null,com.cout970.magneticraft.block.stairs.BlockOreLimeStairs
Magneticraft:burnt_limestone,1141,true,null,com.cout970.magneticraft.block.BlockSimple
Magneticraft:tile.burnt_limestoneStairs,1142,true,null,com.cout970.magneticraft.block.stairs.BlockBurntLimeStairs
Magneticraft:brick_limestone,1143,true,null,com.cout970.magneticraft.block.BlockSimple
Magneticraft:tile.brick_limestoneStairs,1144,true,null,com.cout970.magneticraft.block.stairs.BlockBrickLimeStairs
Magneticraft:roofTile,1145,true,null,com.cout970.magneticraft.block.BlockClayTile
Magneticraft:tile.roofTileStairs,1146,true,null,com.cout970.magneticraft.block.stairs.BlockClayTileStairs
Magneticraft:tile_limestone,1147,true,null,com.cout970.magneticraft.block.BlockSimple
Magneticraft:tile.tile_limestoneStairs,1148,true,null,com.cout970.magneticraft.block.stairs.BlockTileLimeStairs
Magneticraft:burnt_brick_limestone,1149,true,null,com.cout970.magneticraft.block.BlockSimple
Magneticraft:tile.burnt_brick_limestoneStairs,1150,true,null,com.cout970.magneticraft.block.stairs.BlockBurntBrickLimeStairs
Magneticraft:cobble_limestone,1151,true,null,com.cout970.magneticraft.block.BlockSimple
Magneticraft:tile.cobble_limestoneStairs,1152,true,null,com.cout970.magneticraft.block.stairs.BlockCobbleLimeStairs
Magneticraft:burnt_cobble_limestone,1153,true,null,com.cout970.magneticraft.block.BlockSimple
Magneticraft:tile.burnt_cobble_limestoneStairs,1154,true,null,com.cout970.magneticraft.block.stairs.BlockBurntCobbleLimeStairs
Magneticraft:block_copper,1155,true,null,com.cout970.magneticraft.block.BlockOfIngots
Magneticraft:block_tungsten,1156,true,null,com.cout970.magneticraft.block.BlockOfIngots
Magneticraft:block_carbide,1157,true,null,com.cout970.magneticraft.block.BlockOfIngots
Magneticraft:block_brass,1158,true,null,com.cout970.magneticraft.block.BlockOfIngots
Magneticraft:block_zinc,1159,true,null,com.cout970.magneticraft.block.BlockOfIngots
Magneticraft:solarpanel,1160,true,null,com.cout970.magneticraft.block.BlockSolarPanel
Magneticraft:electricfurnace,1161,true,null,com.cout970.magneticraft.block.BlockElectricFurnace
Magneticraft:battery,1162,true,null,com.cout970.magneticraft.block.energy.BlockBattery
Magneticraft:transformer_lm,1163,true,null,com.cout970.magneticraft.block.energy.BlockTransformerLow_Medium
Magneticraft:transformer_mh,1164,true,null,com.cout970.magneticraft.block.energy.BlockTransformerMedium_High
Magneticraft:firebox,1165,true,null,com.cout970.magneticraft.block.BlockFireBox
Magneticraft:boiler,1166,true,null,com.cout970.magneticraft.block.BlockBoiler
Magneticraft:cooler,1167,true,null,com.cout970.magneticraft.block.heat.BlockCooler
Magneticraft:heat_resistance,1168,true,null,com.cout970.magneticraft.block.heat.BlockHeatResistance
Magneticraft:fluid_hopper,1169,true,null,com.cout970.magneticraft.block.BlockFluidHopper
Magneticraft:basic_generator,1170,true,null,com.cout970.magneticraft.block.BlockBasicGenerator
Magneticraft:steam_engine,1171,true,null,com.cout970.magneticraft.block.BlockSteamEngine
Magneticraft:crusher_control,1172,true,null,com.cout970.magneticraft.block.multiblock.controllers.BlockCrusher
Magneticraft:chasis,1173,true,null,com.cout970.magneticraft.block.multiblock.BlockMB_Chassis
Magneticraft:multi_io,1174,true,null,com.cout970.magneticraft.block.multiblock.BlockMB_Inv
Magneticraft:conveyor_low,1175,true,null,com.cout970.magneticraft.block.BlockConveyorLow
Magneticraft:mirror,1176,true,null,com.cout970.magneticraft.block.BlockMirror
Magneticraft:block_breaker,1177,true,null,com.cout970.magneticraft.block.BlockBreaker
Magneticraft:windturbine,1178,true,null,com.cout970.magneticraft.block.BlockWindTurbine
Magneticraft:geothermal_pump,1179,true,null,com.cout970.magneticraft.block.BlockGeothermalPump
Magneticraft:permanent_magnet,1180,true,null,com.cout970.magneticraft.block.BlockPermanentMagnet
Magneticraft:concreted_pipe,1181,true,null,com.cout970.magneticraft.block.BlockConcretedPipe
Magneticraft:thermopile,1182,true,null,com.cout970.magneticraft.block.BlockThermopile
Magneticraft:MB_EnergyIO,1183,true,null,com.cout970.magneticraft.block.multiblock.BlockMB_Energy_Low
Magneticraft:inserter,1184,true,null,com.cout970.magneticraft.block.BlockInserter
Magneticraft:machine_housing,1185,true,null,com.cout970.magneticraft.block.BlockMachineHousing
Magneticraft:grinder_control,1186,true,null,com.cout970.magneticraft.block.multiblock.controllers.BlockGrinder
Magneticraft:miner,1187,true,null,com.cout970.magneticraft.block.BlockMiner
Magneticraft:teslacoil,1188,true,null,com.cout970.magneticraft.block.energy.BlockTeslaCoil
Magneticraft:airlock,1189,true,null,com.cout970.magneticraft.block.BlockAirlock
Magneticraft:biomassburner,1190,true,null,com.cout970.magneticraft.block.BlockBiomassBurner
Magneticraft:stirling_generator,1191,true,null,com.cout970.magneticraft.block.multiblock.controllers.BlockStirlingGenerator
Magneticraft:InfiniteWater,1192,true,null,com.cout970.magneticraft.block.BlockInfiniteWater
Magneticraft:refinery_control,1193,true,null,com.cout970.magneticraft.block.multiblock.controllers.BlockRefinery
Magneticraft:refinery_gap,1194,true,null,com.cout970.magneticraft.block.BlockRefineryGap
Magneticraft:refinery_tank,1195,true,null,com.cout970.magneticraft.block.BlockRefineryTank
Magneticraft:mg_tank,1196,true,null,com.cout970.magneticraft.block.BlockCopperTank
Magneticraft:heater,1197,true,null,com.cout970.magneticraft.block.BlockHeater
Magneticraft:tile.air_bubble,1198,true,null,com.cout970.magneticraft.block.BlockAirBubble
Magneticraft:solar_tower_core,1199,true,null,com.cout970.magneticraft.block.BlockSolarTowerCore
Magneticraft:polimerizer_control,1200,true,null,com.cout970.magneticraft.block.multiblock.controllers.BlockPolymerizer
Magneticraft:MB_Energy_medium,1201,true,null,com.cout970.magneticraft.block.multiblock.BlockMB_Energy_Medium
Magneticraft:turbine_control,1202,true,null,com.cout970.magneticraft.block.multiblock.controllers.BlockSteamTurbine
Magneticraft:combustion_engine,1203,true,null,com.cout970.magneticraft.block.BlockCombustionEngine
Magneticraft:heat_sink,1204,true,null,com.cout970.magneticraft.block.heat.BlockHeatSink
Magneticraft:brickFurnace,1205,true,null,com.cout970.magneticraft.block.BlockBrickFurnace
Magneticraft:crafter,1206,true,null,com.cout970.magneticraft.block.BlockCrafter
Magneticraft:multi_heat,1207,true,null,com.cout970.magneticraft.block.multiblock.BlockMB_Heat
Magneticraft:distillery_control,1208,true,null,com.cout970.magneticraft.block.multiblock.controllers.BlockOilDistillery
Magneticraft:ElectricPoleTier1,1209,true,null,com.cout970.magneticraft.block.BlockElectricPoleTier1
Magneticraft:mb_kinetic,1210,true,null,com.cout970.magneticraft.block.multiblock.BlockMB_Kinetic
Magneticraft:infinite_steam,1211,true,null,com.cout970.magneticraft.block.BlockInfiniteSteam
Magneticraft:void_inventory,1212,true,null,com.cout970.magneticraft.block.BlockVoidInventory
Magneticraft:electric_switch,1213,true,null,com.cout970.magneticraft.block.energy.BlockElectricSwitch
Magneticraft:diode,1214,true,null,com.cout970.magneticraft.block.energy.BlockDiode
Magneticraft:resistance,1215,true,null,com.cout970.magneticraft.block.energy.BlockResistance
Magneticraft:rf_alternator,1216,true,null,com.cout970.magneticraft.block.compat.BlockRFAlternator
Magneticraft:kinetic_generator,1217,true,null,com.cout970.magneticraft.block.compat.BlockKineticGenerator
Magneticraft:rc_alternator,1218,true,null,com.cout970.magneticraft.block.compat.BlockRCAlternator
Magneticraft:eu_alternator,1219,true,null,com.cout970.magneticraft.block.compat.BlockEUAlternator
Magneticraft:ElectricPoleCableConnectionSmall,1220,true,null,com.cout970.magneticraft.block.BlockElectricConnector
Magneticraft:reactor_vessel,1221,true,null,com.cout970.magneticraft.block.BlockReactorVessel
Magneticraft:reactor_control,1222,true,null,com.cout970.magneticraft.block.BlockReactorControlRods
Magneticraft:reactor_wall,1223,true,null,com.cout970.magneticraft.block.BlockReactorWall
Magneticraft:reactor_activator,1224,true,null,com.cout970.magneticraft.block.BlockReactorActivator
Magneticraft:grinding_mill,1225,true,null,com.cout970.magneticraft.block.multiblock.controllers.BlockGrindingMill
Magneticraft:grinding_mill_gap,1226,true,null,com.cout970.magneticraft.block.BlockGrindingMillGap
Magneticraft:wooden_shaft,1227,true,null,com.cout970.magneticraft.block.BlockWoodenShaft
Magneticraft:hand_crank_generator,1228,true,null,com.cout970.magneticraft.block.BlockHandCrankGenerator
Magneticraft:reactor_controller,1229,true,null,com.cout970.magneticraft.block.BlockReactorController
Magneticraft:monitor,1230,true,null,com.cout970.magneticraft.block.computer.BlockMonitor
Magneticraft:cpu,1231,true,null,com.cout970.magneticraft.block.computer.BlockComputer
Magneticraft:droid_red,1232,true,null,com.cout970.magneticraft.block.computer.BlockDroidRED
Magneticraft:pressure_tank,1233,true,null,com.cout970.magneticraft.block.BlockPressureTank
Magneticraft:sprinkler,1234,true,null,com.cout970.magneticraft.block.BlockSprinkler
Magneticraft:ElectricPoleCableConnection,1235,true,null,com.cout970.magneticraft.block.BlockElectricPoleCableWire
Magneticraft:infinite_energy,1236,true,null,com.cout970.magneticraft.block.energy.BlockInfiniteEnergy
Magneticraft:sifter_control,1237,true,null,com.cout970.magneticraft.block.multiblock.controllers.BlockSifter
Magneticraft:mb_controls,1238,true,null,com.cout970.magneticraft.block.multiblock.BlockMB_Controls
Magneticraft:block_salt,1239,true,null,com.cout970.magneticraft.block.BlockOfIngots
Magneticraft:block_sulfur,1240,true,null,com.cout970.magneticraft.block.BlockOfIngots
Magneticraft:zinc_ore,1241,true,null,com.cout970.magneticraft.block.BlockOre
Magneticraft:crushing_table,1242,true,null,com.cout970.magneticraft.block.BlockCrushingTable
Magneticraft:tar,1243,true,null,com.cout970.magneticraft.block.BlockTar
Magneticraft:blocksteam,1244,true,null,com.cout970.magneticraft.block.fluids.BlockFluidSteam
Magneticraft:blockoil,1245,true,null,com.cout970.magneticraft.block.fluids.BlockFluidOil
Magneticraft:blockheavyoil,1246,true,null,com.cout970.magneticraft.block.fluids.BlockFluidHeavyOil
Magneticraft:blocklightoil,1247,true,null,com.cout970.magneticraft.block.fluids.BlockFluidLightOil
Magneticraft:blocknaturalgas,1248,true,null,com.cout970.magneticraft.block.fluids.BlockFluidNaturalGas
Magneticraft:blockhotcrude,1249,true,null,com.cout970.magneticraft.block.fluids.BlockFluidHotCrude
Translocator:translocator,1250,true,null,codechicken.translocator.BlockTranslocator
Translocator:craftingGrid,1251,true,null,codechicken.translocator.BlockCraftingGrid
bartworks:BW_FakeGlasBlock,1252,true,null,com.github.bartimaeusnek.bartworks.common.blocks.BW_GlasBlocks
bartworks:BW_Machinery_Casings,1253,true,null,com.github.bartimaeusnek.bartworks.common.blocks.BW_Blocks
bartworks:BWRotorBlock,1254,true,null,com.github.bartimaeusnek.bartworks.common.blocks.BW_TileEntityContainer
bartworks:BWHeatedWaterPumpBlock,1255,true,null,com.github.bartimaeusnek.bartworks.common.blocks.BW_TileEntityContainer
bartworks:BWExpReversePumpBlock,1256,true,null,com.github.bartimaeusnek.bartworks.common.blocks.BW_TileEntityContainer
bartworks:BW_ItemBlocks,1257,true,null,com.github.bartimaeusnek.bartworks.common.blocks.BW_Blocks
bartworks:GT_LESU_CASING,1258,true,null,com.github.bartimaeusnek.bartworks.common.blocks.BW_Blocks
bartworks:coloredFluidBlock,1259,true,null,com.github.bartimaeusnek.bartworks.common.blocks.BioFluidBlock
bartworks:bw.blockores.01,1260,true,null,com.github.bartimaeusnek.bartworks.system.material.BW_MetaGenerated_Ores
IC2NuclearControl:blockNuclearControlMain,1261,true,null,shedar.mods.ic2.nuclearcontrol.blocks.BlockNuclearControlMain
IC2NuclearControl:blockNuclearControlLight,1262,true,null,shedar.mods.ic2.nuclearcontrol.blocks.BlockNuclearControlLight
IC2NuclearControl:networkLink,1263,true,null,shedar.mods.ic2.nuclearcontrol.crossmod.appeng.BlockNetworkLink
tectech:gt.blockcasingsNH,1264,true,null,com.github.technus.tectech.thing.casing.GT_Block_CasingsNH
tectech:gt.blockcasingsTT,1265,true,null,com.github.technus.tectech.thing.casing.GT_Block_CasingsTT
tectech:gt.blockhintTT,1266,true,null,com.github.technus.tectech.thing.casing.GT_Block_HintTT
tectech:tile.quantumGlass,1267,true,null,com.github.technus.tectech.thing.block.QuantumGlassBlock
tectech:tile.quantumStuff,1268,true,null,com.github.technus.tectech.thing.block.QuantumStuffBlock
tectech:tile.reactorSim,1269,true,null,com.github.technus.tectech.thing.block.ReactorSimBlock
miscutils:blockMobSpawnerEx,1270,true,null,gtPlusPlus.plugin.villagers.block.BlockGenericSpawner
miscutils:miscutils.blockcasings,1271,true,null,gtPlusPlus.xmod.gregtech.common.blocks.GregtechMetaCasingBlocks
miscutils:gtplusplus.blockcasings.2,1272,true,null,gtPlusPlus.xmod.gregtech.common.blocks.GregtechMetaCasingBlocks2
miscutils:gtplusplus.blockcasings.3,1273,true,null,gtPlusPlus.xmod.gregtech.common.blocks.GregtechMetaCasingBlocks3
miscutils:gtplusplus.blockcasings.4,1274,true,null,gtPlusPlus.xmod.gregtech.common.blocks.GregtechMetaCasingBlocks4
tectech:blockBlockGermanium,1275,true,null,gtPlusPlus.core.block.base.BlockBaseModular
tectech:blockFrameGtGermanium,1276,true,null,gtPlusPlus.core.block.base.BlockBaseModular
